loc,add_loc,del_loc,com_num,fix_com_num,past_bug_ids,post_bug_ids,hcm,dev_total,dev_minor,dev_major,dev_ownership,period,avg_period,max_interval,min_interval,spatial,timing,faulty,file
91,350,13,3,0,0,1,0.00139142601396377,3,0,3,0.333333333333333,433,144,268,50,0,3,y,"wicket-examples/src/main/java/org/apache/wicket/examples/upload"
513,2456,0,37,4,3,0,0.0223267234113293,8,5,3,0.351351351351351,1026,27,879,0,4,2,n,"wicket/src/main/java/wicket/ajax"
47,12,12,4,0,0,0,0.00352203390561162,3,0,3,0.5,845,211,480,2,0,0,n,"jdk-1.5/wicket-examples/src/main/java/org/apache/wicket/examples/nested"
26,129,3,3,0,0,1,0.000911657442958434,3,0,3,0.333333333333333,455,151,313,15,2,4,y,"wicket-extensions/src/main/java/org/apache/wicket/extensions/ajax/markup/html/repeater/data/table"
41,3,3,2,0,0,0,0.00027497869865683,2,0,2,0.5,983,491,889,94,0,0,n,"wicket/src/main/java/wicket/markup/html/body"
7,10,6,3,0,0,0,0.00287803498775425,2,0,2,0.666666666666667,845,281,480,139,0,0,n,"jdk-1.5/wicket-examples/src/main/java/org/apache/wicket/examples/hellobrowser"
47,313,0,2,0,0,0,0.00291431231536395,2,0,2,0.5,987,493,883,104,0,0,n,"wicket-examples/src/main/java/wicket/examples/nested"
57,289,391,6,0,0,0,0.0080792865265994,1,0,1,1,1239,206,1069,0,0,0,n,"wicket/src/java/wicket/ajax/calldecorator"
3494,20377,0,134,10,7,0,0.0430779024092112,10,9,1,0.447761194029851,1026,7,876,0,26,18,n,"wicket/src/main/java/wicket/protocol/http"
48,0,0,1,0,0,0,0.00432434408518111,1,0,1,1,1027,1027,1027,1027,0,0,n,"wicket-extensions/src/main/java/wicket/extensions/rating"
175,573,602,16,0,0,0,0.0187612098158048,3,1,2,0.5,1271,79,886,0,0,0,n,"wicket-auth-roles/src/main/java/wicket/authorization/strategies/role/metadata"
49,857,72,16,3,3,0,0.000903479827424951,5,3,2,0.3125,813,50,538,0,0,0,n,"jdk-1.4/wicket/src/main/java/org/apache/wicket/markup/html/image"
62,0,27,2,0,0,0,0.00455915240439788,2,0,2,0.5,955,477,897,58,0,3,n,"wicket/src/main/java/wicket/request/target/basic"
1435,36950,26,372,57,38,0,0.0101725263284647,13,12,1,0.244623655913978,845,2,479,0,6,16,n,"jdk-1.4/wicket/src/main/java/org/apache/wicket/markup"
3,18,3,3,0,0,0,0.00273320312054829,2,0,2,0.666666666666667,845,281,480,116,0,0,n,"jdk-1.5/wicket-examples/src/main/java/org/apache/wicket/examples/pub"
170,401,58,4,0,0,0,0.00339849888760511,2,0,2,0.5,893,223,884,0,0,0,n,"wicket/src/main/java/wicket/markup/html/internal"
59,304,19,4,0,0,1,0.000418151711798607,1,0,1,1,454,113,441,0,0,0,y,"wicket-velocity/src/main/java/org/apache/wicket/velocity"
166,317,71,11,2,1,0,0.00166237625686333,4,2,2,0.454545454545455,450,40,125,0,0,0,n,"wicket-extensions/src/main/java/org/apache/wicket/extensions/ajax/markup/html/autocomplete"
224,2915,26,23,3,2,0,0.00279428685606942,9,7,2,0.347826086956522,845,36,481,0,0,1,n,"jdk-1.4/wicket/src/main/java/org/apache/wicket/markup/parser"
107,4,4,3,0,0,0,0.00923410560524087,3,0,3,0.333333333333333,1027,342,886,64,0,0,n,"wicket-extensions/src/main/java/wicket/extensions/markup/html/form/select"
159,215,0,2,0,0,0,0.00080282597760141,2,0,2,0.5,864,432,853,11,0,3,n,"jdk-1.4/wicket/src/main/java/wicket/request/target/component"
1199,1909,52,18,2,2,1,0.00215204216164644,5,2,3,0.444444444444444,467,25,95,0,0,6,y,"wicket/src/main/java/org/apache/wicket/util/string"
5,0,0,1,0,0,0,0.000476200766561111,1,0,1,1,320,320,320,320,0,1,n,"wicket-examples/src/main/java/org/apache/wicket/examples/stockquote"
6,3424,4511,134,8,7,0,0.00161305662625965,11,10,1,0.238805970149254,845,6,481,0,0,9,n,"jdk-1.4/wicket-extensions/src/main/java/org/apache/wicket/extensions"
48,3,3,2,0,0,0,0.00181751537061457,2,0,2,0.5,845,422,646,199,0,1,n,"jdk-1.4/wicket-extensions/src/main/java/org/apache/wicket/extensions/rating"
49,118,0,2,0,0,0,0.000784352651911633,2,0,2,0.5,453,226,322,130,0,1,n,"wicket-extensions/src/main/java/org/apache/wicket/extensions/markup/html/tree/table"
16,100,0,2,0,0,0,0.00124814782890939,2,0,2,0.5,456,228,320,136,0,3,n,"wicket-examples/src/main/java/org/apache/wicket/examples/frames"
553,1976,51,13,1,1,1,0.00350421368737399,4,2,2,0.538461538461538,455,35,217,0,0,6,y,"wicket/src/main/java/org/apache/wicket/markup/resolver"
87,99,27,5,1,1,0,0.00157744958663974,3,0,3,0.4,778,155,595,28,0,0,n,"jdk-1.4/wicket/src/main/java/org/apache/wicket/util/thread"
13,0,0,1,0,0,0,0.000403947138983964,1,0,1,1,453,453,453,453,0,1,n,"wicket/src/main/java/org/apache/wicket/util/listener"
1820,7001,57,45,4,3,0,0.0211723429904832,7,5,2,0.355555555555556,1018,22,875,0,8,16,n,"wicket/src/main/java/wicket/markup/html/form"
12,9,9,2,0,0,0,0.00231876313586195,2,0,2,0.5,845,422,657,188,0,0,n,"jdk-1.5/wicket-examples/src/main/java/org/apache/wicket/spring/annot/web"
155,492,161,21,0,0,0,0.00495287657301392,6,5,1,0.571428571428571,845,40,498,0,1,27,n,"jdk-1.4/wicket-extensions/src/main/java/org/apache/wicket/extensions/markup/html/repeater/data/table"
46,3,3,2,0,0,0,0.000510262939059958,2,0,2,0.5,453,226,333,120,0,3,n,"wicket/src/main/java/org/apache/wicket/util/parse/metapattern"
73,261,0,2,0,0,1,0.000455099435850593,2,0,2,0.5,446,223,322,123,0,3,y,"wicket-datetime/src/main/java/org/apache/wicket/datetime"
172,979,0,2,0,0,0,0.00333472077093115,2,0,2,0.5,926,463,881,45,0,0,n,"wicket/src/main/java/wicket/markup/resolver"
266,535,27,4,1,1,0,0.00145949031124918,2,0,2,0.75,844,211,595,0,0,0,n,"jdk-1.4/wicket/src/main/java/org/apache/wicket/util/license"
176,239,100,17,1,1,0,0.00378917897335037,6,4,2,0.294117647058824,845,49,514,0,2,7,n,"jdk-1.4/wicket-extensions/src/main/java/org/apache/wicket/extensions/markup/html/form/palette"
71,258,3,4,0,0,0,0.000851311643604375,4,0,4,0.25,843,210,479,0,0,1,n,"jdk-1.4/wicket/src/main/java/org/apache/wicket/session"
143,418,120,9,0,0,0,0.00326241808714325,6,5,1,0.444444444444444,844,93,480,0,3,1,n,"jdk-1.4/wicket/src/main/java/org/apache/wicket/resource/loader"
132,144,96,6,1,1,0,0.00685834283561101,4,3,1,0.5,1027,171,881,3,0,0,n,"wicket-extensions/src/main/java/wicket/extensions/markup/html/form/palette"
41,0,0,1,0,0,0,0.000265431562164994,1,0,1,1,473,473,473,473,0,1,n,"wicket/src/main/java/org/apache/wicket/markup/html/body"
382,1124,0,5,1,1,0,0.000215036409602756,3,0,3,0.4,430,86,354,0,0,0,n,"wicket/src/main/java/org/apache/wicket/util/time"
10,12,0,2,0,0,0,0.000680371162788662,1,0,1,1,225,112,114,110,0,0,n,"wicket-examples/src/main/java/org/apache/wicket/examples/kittenCaptcha"
84,350,0,2,0,0,0,0.00288581489951071,2,0,2,0.5,886,443,883,3,0,0,n,"wicket-examples/src/main/java/wicket/examples/stockquote"
544,2196,1028,110,0,0,0,0.253449972642224,7,5,2,0.418181818181818,1688,15,1040,0,0,0,n,"wicket/src/java/wicket/markup/html/link"
15,14,14,2,0,0,0,0.00416961373840324,2,0,2,0.5,1271,635,1269,2,0,0,n,"wicket/src/java/wicket/authorization/strategies/action"
49,6,6,3,0,0,0,0.00745459526308016,2,0,2,0.666666666666667,1027,342,886,6,0,0,n,"wicket-extensions/src/main/java/wicket/extensions/markup/html/tabs"
6,88,65,6,0,0,0,0.0148176627784504,2,1,1,0.833333333333333,1336,222,1166,0,0,0,n,"wicket-examples/src/java/wicket/examples/hellobrowser"
105,258,198,12,4,1,0,0.00112906800420547,3,1,2,0.5,819,68,492,0,2,0,n,"jdk-1.4/wicket-velocity/src/main/java/org/apache/wicket/velocity/markup/html"
273,911,50,19,0,0,0,0.00293623207729973,6,4,2,0.368421052631579,867,45,846,0,0,0,n,"jdk-1.4/wicket/src/main/java/wicket/model"
1370,2169,135,5,0,0,0,0.00765246810861387,5,0,5,0.2,1423,284,1057,11,0,0,n,"wicket/src/java/wicket/util/concurrent"
33,0,0,1,0,0,0,0.00157682179967879,1,0,1,1,1136,1136,1136,1136,0,0,n,"wicket/src/java/wicket/protocol/http/portlet/pages"
41,6,3,2,0,0,0,0.00133562278745993,2,0,2,0.5,456,228,341,114,0,2,n,"wicket-examples/src/main/java/org/apache/wicket/examples/images"
125,162,108,9,2,2,0,0.00449852587130552,4,2,2,0.444444444444444,845,93,561,0,3,4,n,"jdk-1.4/wicket-extensions/src/main/java/org/apache/wicket/extensions/markup/html/form/select"
61,358,2,4,0,0,0,0.000951167867316642,2,0,2,0.75,873,218,849,1,0,0,n,"jdk-1.4/wicket/src/main/java/wicket/util/resource"
46,50,51,5,0,0,0,0.00316636874094364,5,0,5,0.2,846,169,657,2,0,0,n,"jdk-1.5/wicket-spring-annot/src/main/java/org/apache/wicket/spring/injection/annot"
3,0,0,1,0,0,0,0,1,0,1,1,851,851,851,851,0,0,n,"jdk-1.4/wicket/src/main/java/wicket/authorization"
4,3,0,2,0,0,0,0.00186614711262577,2,0,2,0.5,845,422,704,141,0,2,n,"jdk-1.4/wicket-extensions/src/main/java/org/apache/wicket/extensions/ajax/markup/html/repeater/data/sort"
41,90,0,4,0,0,0,0.00527285433905284,3,0,3,0.5,979,244,879,4,0,1,n,"wicket-examples/src/main/java/wicket/examples/customresourceloading"
7,6,3,2,0,0,0,0.00133562278745993,2,0,2,0.5,456,228,341,114,0,2,n,"wicket-examples/src/main/java/org/apache/wicket/examples/guice"
181,58,55,7,2,2,2,0.00122038574489722,3,1,2,0.571428571428571,479,68,140,12,5,0,y,"wicket/src/main/java/org/apache/wicket/ajax/form"
96,309,82,14,0,0,0,0.00647262288451069,2,0,2,0.714285714285714,1468,104,1411,0,0,0,n,"wicket/src/java/wicket/markup/html/ajax"
265,1673,15,20,1,1,0,0.00261725805506843,6,5,1,0.5,841,42,481,0,0,3,n,"jdk-1.4/wicket/src/main/java/org/apache/wicket/util/resource"
171,340,6,7,2,1,1,0.00131686926675925,3,0,3,0.428571428571429,383,54,138,0,0,2,y,"wicket-extensions/src/main/java/org/apache/wicket/extensions/markup/html/form/palette/component"
155,425,3,8,0,0,0,0.00367196419943358,3,1,2,0.625,920,115,889,0,0,0,n,"wicket/src/main/java/wicket/protocol/http/request/urlcompressing"
76,0,0,1,0,0,0,0.000545887634285321,1,0,1,1,867,867,867,867,0,0,n,"jdk-1.4/wicket/src/main/java/wicket/markup/html/panel"
490,2886,16,12,1,1,1,3.79289505976932e-05,3,1,2,0.5,477,39,114,0,0,1,y,"wicket/src/main/java/org/apache/wicket/markup/parser"
111,329,28,28,0,0,0,0.0894418801992422,5,4,1,0.678571428571429,1688,60,1219,0,0,0,n,"wicket/src/java/wicket/markup/html/border"
17,48,70,2,0,0,0,0.00632205856472207,2,0,2,0.5,1318,659,1011,307,0,0,n,"wicket-spring-examples/src/main/launcher/jetty"
64,126,0,5,0,0,0,0.00193269597818176,4,0,4,0.4,707,141,481,10,0,1,n,"jdk-1.4/wicket/src/main/java/org/apache/wicket/util/string/interpolator"
174,682,11,11,4,2,0,0.00172562659463696,3,2,1,0.818181818181818,479,43,166,0,0,6,n,"wicket/src/main/java/org/apache/wicket/markup/html/navigation/paging"
152,840,18,4,0,0,0,0.00710341890163372,3,0,3,0.5,996,249,883,3,0,2,n,"wicket-examples/src/main/java/wicket/examples/hangman"
6,125,127,29,0,0,0,0.146635920475291,3,1,2,0.586206896551724,1688,58,1131,0,0,0,n,"wicket-examples/src/java/wicket/examples/linkomatic"
785,1856,44,12,0,0,0,0.0400819911831848,4,2,2,0.5,1688,140,1068,0,0,0,n,"wicket/src/java/wicket/util/collections"
30,6,3,3,0,0,0,0.00155631224318043,3,0,3,0.333333333333333,846,282,730,45,0,1,n,"jdk-1.4/wicket-datetime/src/main/java/org/apache/wicket/datetime/markup/html/form"
13,709,0,2,0,0,0,7.99955545722129e-05,2,0,2,0.5,753,376,690,62,0,0,n,"jdk-1.4/wicket/src/main/java/org/apache/wicket/version"
38,928,968,28,0,0,0,0.0135613565946814,3,1,2,0.535714285714286,1271,45,886,0,0,1,n,"wicket-auth-roles/src/main/java/wicket/authorization/strategies/role"
6,0,0,1,0,0,0,0.00242820253120354,1,0,1,1,1075,1075,1075,1075,0,0,n,"wicket-examples/src/java/wicket/examples/ajax/builtin/modal"
118,0,0,1,0,0,1,0.0003351258208299,1,0,1,1,457,457,457,457,0,0,y,"wicket-ioc/src/main/java/org/apache/wicket/proxy"
107,28,19,5,0,0,0,0.00660099887823424,3,0,3,0.4,1027,205,886,8,0,0,n,"wicket-extensions/src/main/java/wicket/extensions/markup/html/repeater/data/table"
24,0,0,1,0,0,0,0.00258830448169713,1,0,1,1,883,883,883,883,0,0,n,"wicket-examples/src/main/java/wicket/examples/captcha"
30,51,23,9,0,0,0,0.00404116802248918,1,0,1,1,910,101,880,0,0,0,n,"wicket-datetime/src/main/java/wicket/datetime/markup/html/form"
23,30,43,3,0,0,0,0.006177138620966,1,0,1,1,1516,505,1516,0,0,0,n,"wicket/src/java/wicket/markup/html/form/ajax"
32,33,47,4,0,0,0,0.0133921284477648,3,0,3,0.5,1463,365,1267,12,0,0,n,"wicket-examples/src/java/wicket/examples/panels/signin"
25,177,0,4,0,0,0,0.0008619145531744,4,0,4,0.25,816,204,523,22,0,0,n,"jdk-1.4/wicket/src/main/java/org/apache/wicket/markup/html/form/validation"
289,759,189,22,0,0,0,0.0462479037348157,4,2,2,0.454545454545455,1688,76,1050,0,0,0,n,"wicket/src/java/wicket/util/value"
9,0,0,1,0,0,0,0.00165600514904658,1,0,1,1,883,883,883,883,0,0,n,"wicket-examples/src/main/java/wicket/examples/echo"
7,0,0,1,0,0,0,0.000563675725111655,1,0,1,1,114,114,114,114,0,0,n,"wicket-examples/src/main/java/org/apache/wicket/examples/wizard"
48,16,22,3,0,0,0,0.012574020146822,2,0,2,0.666666666666667,1318,439,923,46,0,0,n,"wicket-spring-examples/src/main/java/wicket/spring/common/web"
9,0,0,1,0,0,0,0.000771947062348274,1,0,1,1,456,456,456,456,0,2,n,"wicket-examples/src/main/java/org/apache/wicket/examples/encodings"
25,109,106,9,0,0,0,0.0136963650271701,3,1,2,0.444444444444444,1271,141,1040,0,0,0,n,"wicket-examples/src/java/wicket/examples/frames"
76,289,126,7,0,0,0,0.0363225124576601,4,2,2,0.428571428571429,1688,241,1172,0,0,0,n,"wicket/src/java/wicket/util/watch"
12,9,9,2,0,0,0,0.00231876313586195,2,0,2,0.5,845,422,657,188,0,0,n,"jdk-1.5/wicket-examples/src/main/java/org/apache/wicket/spring/direct/web"
81,141,0,2,0,0,0,0.00117003503175357,1,0,1,1,868,434,863,4,0,0,n,"jdk-1.4/wicket/src/main/java/wicket/ajax/form"
9,54,0,3,0,0,0,0.0101948395334031,1,0,1,1,1500,500,1072,36,0,0,n,"wicket-examples/src/java/wicket/examples/template"
110,29,36,6,0,0,0,0.00341022815122852,4,3,1,0.5,845,140,657,0,0,2,n,"jdk-1.5/wicket-examples/src/main/java/org/apache/wicket/examples/ajax/builtin/tree"
90,574,6,4,0,0,0,0.00497154075576875,2,0,2,0.5,987,246,886,0,0,0,n,"wicket-examples/src/main/java/wicket/examples/upload"
46,103,92,8,3,1,0,0.00975782860051907,4,2,2,0.5,1266,158,924,7,3,0,n,"wicket-auth-roles/src/main/java/wicket/authentication"
205,760,0,3,1,1,0,0.000629081426424287,2,0,2,0.666666666666667,791,263,595,0,0,0,n,"jdk-1.4/wicket/src/main/java/org/apache/wicket/util/upload"
157,301,0,4,0,0,0,0.00136275661258161,2,0,2,0.75,323,80,163,20,0,1,n,"wicket/src/main/java/org/apache/wicket/protocol/http/request/urlcompressing"
35,177,116,14,0,0,0,0.0120624111076657,3,0,3,0.571428571428571,1267,90,920,0,2,11,n,"wicket-auth-roles-examples/src/main/java/wicket/authentication/example"
11,6,3,2,0,0,0,0.00104488542771403,2,0,2,0.5,440,220,326,114,0,0,n,"wicket-examples/src/main/java/org/apache/wicket/examples/stateless"
179,5,5,2,0,0,0,0.00231876313586195,2,0,2,0.5,845,422,657,188,0,2,n,"jdk-1.4/wicket-extensions/src/main/java/org/apache/wicket/extensions/util/encoding"
185,149,26,7,0,0,0,0.00153200795878681,4,2,2,0.428571428571429,830,118,649,0,0,0,n,"jdk-1.4/wicket/src/main/java/org/apache/wicket/util/template"
10,6,6,2,0,0,0,0.00243056889024505,1,0,1,1,845,422,480,365,0,0,n,"jdk-1.5/wicket-examples/src/main/java/org/apache/wicket/examples/ajax/prototype"
11,208,248,9,1,1,0,0.00548289603154582,5,3,2,0.444444444444444,1027,114,881,2,0,0,n,"wicket-extensions/src/main/java/wicket/extensions/markup/html/form"
1426,3664,4,4,0,0,0,0.00122980975046414,2,0,2,0.75,968,242,886,0,0,0,n,"wicket/src/main/java/wicket/util/concurrent"
336,1102,18,13,2,2,1,0.00281808403715378,6,5,1,0.461538461538462,467,35,135,0,2,4,y,"wicket/src/main/java/org/apache/wicket/markup/html/list"
731,1194,212,20,3,3,1,0.00379975133506568,4,2,2,0.45,450,22,117,0,2,3,y,"wicket/src/main/java/org/apache/wicket/protocol/http/request"
195,805,0,5,0,0,0,0.000759785863042903,2,0,2,0.8,478,95,463,0,0,3,n,"wicket/src/main/java/org/apache/wicket/markup/repeater/data"
89,0,0,1,0,0,1,0.0003351258208299,1,0,1,1,457,457,457,457,0,0,y,"wicket-ioc/src/main/java/org/apache/wicket/injection"
77,269,76,22,0,0,0,0.122422840505692,4,3,1,0.590909090909091,1688,76,1267,0,0,0,n,"wicket-examples/src/java/wicket/examples/signin"
87,51,18,6,0,0,0,0.0091394147572374,5,4,1,0.333333333333333,1027,171,886,19,0,0,n,"wicket-extensions/src/main/java/wicket/extensions/ajax/markup/html/autocomplete"
107,0,0,1,0,0,0,0.00258830448169713,1,0,1,1,883,883,883,883,0,0,n,"wicket-examples/src/main/java/wicket/examples/ajax/builtin/tree"
120,1575,67,7,0,0,0,0,3,1,2,0.571428571428571,874,124,853,0,0,4,n,"jdk-1.4/wicket/src/main/java/wicket/request"
14,65,6,2,0,0,0,0.008393203898511,1,0,1,1,1178,589,1090,87,0,0,n,"wicket-examples/src/java/wicket/examples/debug"
34,251,89,18,0,0,0,0.0185107043450321,3,1,2,0.666666666666667,1271,70,886,0,0,2,n,"wicket-auth-roles-examples/src/main/java/wicket/authorization/strategies/role/example"
13,65,5,5,0,0,0,0.0021300123414106,3,0,3,0.6,456,91,211,1,0,4,n,"wicket-examples/src/main/java/org/apache/wicket/examples/repeater"
417,21586,304,91,8,6,0,0.0103845664763381,8,6,2,0.395604395604396,1024,11,875,0,3,19,n,"wicket/src/main/java/wicket/markup"
182,587,192,11,0,0,0,0.00320561553072202,5,4,1,0.454545454545455,844,76,595,0,0,5,n,"jdk-1.4/wicket/src/main/java/org/apache/wicket/markup/html/border"
15,1088,655,77,7,6,0,0.00218017187993758,7,5,2,0.597402597402597,846,10,513,0,0,3,n,"jdk-1.4/wicket-datetime/src/main/java/org/apache/wicket/extensions/yui"
205,697,32,12,1,1,0,0.00393576984319639,5,2,3,0.333333333333333,844,70,480,0,0,2,n,"jdk-1.4/wicket/src/main/java/org/apache/wicket/application"
28,147,33,4,0,0,0,0.00169352187228974,2,0,2,0.75,868,217,856,0,0,0,n,"jdk-1.4/wicket/src/main/java/wicket/ajax/markup/html/form"
3,0,0,1,0,0,0,0.000238918005955719,1,0,1,1,440,440,440,440,0,1,n,"wicket-extensions/src/main/java/org/apache/wicket/extensions/ajax/markup/html/repeater/data/sort"
1223,4469,1026,86,0,0,0,0.182768588808986,7,6,1,0.779069767441861,1688,19,1068,0,0,0,n,"wicket/src/java/wicket/markup/html/tree"
3,0,0,1,0,0,0,0.000771947062348274,1,0,1,1,456,456,456,456,0,2,n,"wicket-examples/src/main/java/org/apache/wicket/examples/navomatic"
317,501,6,7,1,1,0,0.00769534049821947,4,3,1,0.571428571428571,1024,146,881,0,0,6,n,"wicket/src/main/java/wicket/request/target/coding"
14,0,0,1,0,0,0,0.0032942613876932,1,0,1,1,1027,1027,1027,1027,0,0,n,"wicket-extensions/src/main/java/wicket/extensions/model"
291,681,75,13,1,1,2,0.00169679288572738,5,3,2,0.538461538461538,440,33,99,0,0,3,y,"wicket/src/main/java/org/apache/wicket/protocol/http/servlet"
30,21393,5911,566,0,0,0,0.073605619983191,10,8,2,0.385159010600707,1688,2,1040,0,0,1,n,"wicket-examples/src/java/wicket/examples"
15,1001,125,18,3,3,4,0.000409839101113445,5,3,2,0.444444444444444,446,24,120,0,0,3,y,"wicket-datetime/src/main/java/org/apache/wicket/extensions/yui"
157,423,0,4,0,0,0,0.00569579595241772,4,0,4,0.25,898,224,881,5,0,0,n,"wicket/src/main/java/wicket/model"
36,175,35,24,0,0,0,0.108343454408551,3,2,1,0.833333333333333,1688,70,1227,0,0,0,n,"wicket-examples/src/java/wicket/examples/images"
388,0,0,1,0,0,0,0.000315978547489034,1,0,1,1,440,440,440,440,0,8,n,"wicket/src/main/java/org/apache/wicket/util/diff"
165,889,694,7,2,2,0,0.00183880619772613,3,1,2,0.571428571428571,842,120,698,6,2,0,n,"jdk-1.4/wicket/src/main/java/org/apache/wicket/markup/html/pages"
178,776,630,32,0,0,0,0.110594840170394,6,4,2,0.53125,1653,51,1204,0,0,0,n,"wicket-examples/src/java/wicket/examples/hangman"
7,0,0,1,0,0,0,0.000590286378101528,1,0,1,1,777,777,777,777,0,0,n,"jdk-1.4/wicket/src/main/java/org/apache/wicket/authorization/strategies/page"
31,4,8,4,0,0,0,0.00242089935068267,3,0,3,0.5,845,211,717,0,0,0,n,"jdk-1.5/wicket-examples/src/main/java/org/apache/wicket/examples/panels/signin"
9,0,0,1,0,0,0,0.000771947062348274,1,0,1,1,456,456,456,456,0,2,n,"wicket-examples/src/main/java/org/apache/wicket/examples/echo"
80,144,0,2,0,0,0,0.000910667024986377,2,0,2,0.5,861,430,853,7,0,0,n,"jdk-1.4/wicket/src/main/java/wicket/markup/html/form/validation"
136,1709,96,15,4,4,2,0.00220260839260924,4,2,2,0.6,475,31,87,0,5,24,y,"wicket/src/main/java/org/apache/wicket/util/convert"
102,72,69,5,1,1,1,0.000979283607411495,4,0,4,0.4,440,88,200,25,2,1,y,"wicket-extensions/src/main/java/org/apache/wicket/extensions/markup/html/repeater/data/table/filter"
1131,4153,93,37,0,0,0,0.0908193252519625,6,4,2,0.459459459459459,1688,45,1098,0,0,0,n,"wicket/src/java/wicket/util/lang"
71,48,3,3,0,0,0,0.00567749438458743,2,0,2,0.666666666666667,1267,422,1059,0,0,0,n,"wicket/src/java/wicket/request/target/basic"
70,317,0,10,2,1,0,0.00687287821593009,3,0,3,0.5,1026,102,897,0,0,0,n,"wicket/src/main/java/wicket/protocol/http/servlet"
51,3,3,3,0,0,0,0.00250568657449074,2,0,2,0.666666666666667,845,281,845,0,0,0,n,"jdk-1.5/wicket-examples/src/main/java/org/apache/wicket/examples/signin"
14,0,0,1,0,0,0,0.000403947138983964,1,0,1,1,453,453,453,453,0,1,n,"wicket/src/main/java/org/apache/wicket/util/parse/metapattern/parsers"
715,2464,109,24,4,4,5,0.00280301820096555,5,3,2,0.541666666666667,479,19,124,0,2,4,y,"wicket/src/main/java/org/apache/wicket/ajax"
382,6,6,2,0,0,0,0.000307330128187978,2,0,2,0.5,684,342,654,29,0,1,n,"jdk-1.4/wicket/src/main/java/org/apache/wicket/util/value"
86,0,0,1,0,0,0,0.000285335746551952,1,0,1,1,441,441,441,441,0,0,n,"wicket/src/main/java/org/apache/wicket/util/thread"
364,1197,185,58,0,0,0,0.0864622947495598,6,3,3,0.275862068965517,1347,23,1084,0,0,0,n,"wicket/src/java/wicket/request/compound"
256,595,72,13,2,2,0,0.00289046643341425,5,2,3,0.307692307692308,813,62,596,0,0,0,n,"jdk-1.4/wicket/src/main/java/org/apache/wicket/markup/html/image/resource"
165,1043,266,94,0,0,0,0.254287486968885,7,5,2,0.425531914893617,1671,17,1073,0,0,0,n,"wicket-examples/src/java/wicket/examples/forminput"
155,64,17,11,1,1,0,0.00559330862309331,5,4,1,0.363636363636364,845,76,565,0,2,5,n,"jdk-1.4/wicket-extensions/src/main/java/org/apache/wicket/extensions/markup/html/form/palette/component"
7,0,995,11,0,0,0,0.023837784308482,3,2,1,0.727272727272727,1270,115,1027,0,0,6,n,"wicket-extensions/src/java/wicket/extensions/markup/html/form/palette"
187,708,14,6,0,0,0,0.00140728079681771,4,2,2,0.333333333333333,984,164,877,0,1,0,n,"wicket/src/main/java/wicket/util/convert/converters"
314,1206,32,27,7,6,0,0.00890812810219076,6,4,2,0.333333333333333,844,31,480,0,0,3,n,"jdk-1.4/wicket/src/main/java/org/apache/wicket/protocol/http/servlet"
179,3,3,2,0,0,0,0.00503015278961874,1,0,1,1,1027,513,979,48,0,1,n,"wicket-extensions/src/main/java/wicket/extensions/util/encoding"
17,279,39,16,0,0,0,0.0225250081424382,5,3,2,0.375,1340,83,1051,0,0,0,n,"wicket-examples/src/java/wicket/examples/niceurl"
423,68,57,7,0,0,0,0.00889789018178623,6,5,1,0.285714285714286,1027,146,881,0,0,0,n,"wicket-extensions/src/main/java/wicket/extensions/markup/html/tree/table"
68,168,0,2,0,0,0,0.00603226686739728,1,0,1,1,950,475,927,23,0,0,n,"wicket/src/main/java/wicket/markup/parser/filter"
25,0,0,1,0,0,0,0.000357371750359641,1,0,1,1,877,877,877,877,0,0,n,"wicket/src/main/java/wicket/markup/html/debug"
38,0,0,1,0,0,0,0,1,0,1,1,170,170,170,170,0,0,n,"wicket-auth-roles/src/main/java/org/apache/wicket/authentication/panel"
51,288,78,7,1,1,0,0.00141008065572901,2,1,1,0.857142857142857,479,68,183,0,0,1,n,"wicket/src/main/java/org/apache/wicket/ajax/markup/html/form"
144,0,0,1,0,0,0,0.00321334548572273,1,0,1,1,883,883,883,883,0,0,n,"wicket-examples/src/main/java/wicket/examples/source"
153,95,48,5,0,0,0,0.00273982355818609,4,0,4,0.4,845,169,657,26,0,0,n,"jdk-1.5/wicket-examples/src/main/java/org/apache/wicket/examples/source"
161,572,415,51,0,0,0,0.141407551317785,7,5,2,0.490196078431373,1688,33,1050,0,0,0,n,"wicket/src/java/wicket/markup/html/form/upload"
57,51,6,3,0,0,0,0.00150185686855509,3,0,3,0.333333333333333,463,154,341,6,0,2,n,"wicket-examples/src/main/java/org/apache/wicket/examples/customresourceloading"
28,0,0,1,0,0,0,0.00158573107461214,1,0,1,1,996,996,996,996,0,1,n,"wicket/src/main/java/wicket/session/pagemap"
104,113,96,8,0,0,0,0.00312216995753546,3,1,2,0.625,845,105,498,0,1,15,n,"jdk-1.4/wicket-extensions/src/main/java/org/apache/wicket/extensions/markup/html/repeater/data/table/filter"
109,19,7,4,0,0,0,0.00643621238235119,3,0,3,0.5,1027,256,886,5,0,0,n,"wicket-extensions/src/main/java/wicket/extensions/ajax/markup/html/form/upload"
520,3911,73,41,8,5,6,0.00372376480076598,7,5,2,0.341463414634146,475,11,97,0,5,14,y,"wicket-extensions/src/main/java/org/apache/wicket/extensions/ajax/markup/html"
14,0,0,1,0,0,0,0.000402949967194241,1,0,1,1,441,441,441,441,0,1,n,"wicket-extensions/src/main/java/org/apache/wicket/extensions/ajax/markup/html/tabs"
1331,2961,340,17,5,4,1,0.00332663581680034,3,1,2,0.588235294117647,476,28,86,0,9,4,y,"wicket/src/main/java/org/apache/wicket/util/lang"
929,1411,2681,24,3,2,0,0.00395615255078289,4,3,1,0.791666666666667,843,35,566,0,0,1,n,"jdk-1.4/wicket/src/main/java/org/apache/wicket/markup/html/tree"
196,15,0,3,0,0,0,0.00418575003139372,3,0,3,0.333333333333333,992,330,955,3,0,0,n,"wicket/src/main/java/wicket/markup/html/list"
155,42,72,5,0,0,0,0.011288786559494,4,0,4,0.4,1267,253,1168,0,0,0,n,"wicket/src/java/wicket/request/target/component"
44,0,0,1,0,0,0,0.00132151677223702,1,0,1,1,881,881,881,881,0,0,n,"wicket/src/main/java/wicket/util/string/interpolator"
244,37,24,7,0,0,0,0.0109897391932674,3,1,2,0.571428571428571,1027,146,879,0,0,0,n,"wicket-extensions/src/main/java/wicket/extensions/ajax/markup/html/modal"
294,109,73,12,0,0,0,0.0572109255643433,3,0,3,0.5,1688,140,1209,2,0,0,n,"wicket-examples/src/java/wicket/examples/displaytag/export"
36,93,33,4,0,0,0,0.00092376124713856,3,0,3,0.5,478,119,403,0,0,5,n,"wicket/src/main/java/org/apache/wicket/authorization/strategies"
100,85,79,3,0,0,0,0.00116306951355318,1,0,1,1,457,152,323,15,2,10,n,"wicket/src/main/java/org/apache/wicket/markup/html/form/validation"
9,3,3,2,0,0,0,0.00243056889024505,1,0,1,1,845,422,480,365,0,0,n,"jdk-1.5/wicket-examples/src/main/java/org/apache/wicket/examples/echo"
3,0,0,1,0,0,0,0.00165600514904658,1,0,1,1,883,883,883,883,0,0,n,"wicket-examples/src/main/java/wicket/examples/pub"
29,82,0,2,0,0,0,0.0009735148262251,2,0,2,0.5,446,223,331,114,0,1,n,"wicket-examples/src/main/java/org/apache/wicket/examples/staticpages"
2422,9443,901,137,25,16,0,0.017577511478137,10,9,1,0.299270072992701,844,6,479,0,18,8,n,"jdk-1.4/wicket/src/main/java/org/apache/wicket/markup/html/form"
6,0,0,1,0,0,0,0.00165600514904658,1,0,1,1,883,883,883,883,0,0,n,"wicket-examples/src/main/java/wicket/examples/ajax/builtin/modal"
4,10,9,2,0,0,0,0.000662976725382855,1,0,1,1,775,387,775,0,0,0,n,"jdk-1.5/wicket-examples/src/main/java/org/apache/wicket/examples/guice/service"
6,0,0,1,0,0,0,0.000327270161454328,1,0,1,1,777,777,777,777,0,0,n,"jdk-1.5/wicket-examples/src/main/java/org/apache/wicket/examples/template/pageinheritance"
140,220,0,3,0,0,0,0.00365487244980745,3,0,3,0.333333333333333,1026,342,891,24,0,1,n,"wicket/src/main/java/wicket/feedback"
1032,2249,482,23,3,2,5,0.00220333615818275,3,2,1,0.869565217391304,470,20,245,0,5,5,y,"wicket/src/main/java/org/apache/wicket/markup/html/tree"
70,236,0,2,0,0,0,0.000269755088343223,2,0,2,0.5,441,220,362,79,0,1,n,"wicket/src/main/java/org/apache/wicket/util/string/interpolator"
22,41,3,3,0,0,0,0.000567973112122765,1,0,1,1,836,278,644,0,0,0,n,"jdk-1.4/wicket/src/main/java/org/apache/wicket/ajax/markup/html/navigation/paging"
138,571,44,4,0,0,0,0.00187201123546554,3,0,3,0.5,844,211,480,5,3,9,n,"jdk-1.4/wicket/src/main/java/org/apache/wicket/markup/transformer"
1189,4669,0,11,0,0,0,0.002313539963718,4,3,1,0.636363636363636,838,76,496,0,0,0,n,"jdk-1.4/wicket/src/main/java/org/apache/wicket/util/io"
362,335,502,19,0,0,0,0.0700565471840637,4,2,2,0.526315789473684,1688,88,1650,0,0,0,n,"wicket/src/java/wicket/markup/html/table"
30,0,0,1,0,0,0,0.0112749058587612,1,0,1,1,1201,1201,1201,1201,0,0,n,"wicket-examples/src/java/wicket/examples/unicodeconverter"
49,43,36,9,0,0,0,0.0154169961231955,2,0,2,0.666666666666667,1468,163,1411,0,0,0,n,"wicket/src/java/wicket/markup/html/ajax/dojo"
31,28,25,4,0,0,0,0.0147696293568858,1,0,1,1,1318,329,1090,0,0,0,n,"wicket-spring-annot-examples/src/main/java/wicket/spring/common/web"
53,76,68,11,0,0,0,0.0607142970382389,4,2,2,0.454545454545455,1688,153,1154,0,0,0,n,"wicket/src/java/wicket/util/string/interpolator"
163,639,3,5,0,0,0,0.000246201299308288,3,0,3,0.4,815,163,522,12,0,0,n,"jdk-1.4/wicket/src/main/java/org/apache/wicket/markup/repeater/data"
132,473,80,12,0,0,0,0.00159055897512548,3,2,1,0.833333333333333,775,64,634,0,0,0,n,"jdk-1.5/wicket-guice/src/main/java/org/apache/wicket/guice"
165,3225,19,55,0,0,0,0.0513928797529783,7,6,1,0.472727272727273,1277,23,1075,0,0,0,n,"wicket-examples/src/java/wicket/examples/ajax/builtin"
9,3,3,2,0,0,0,0.00243056889024505,1,0,1,1,845,422,480,365,0,0,n,"jdk-1.5/wicket-examples/src/main/java/org/apache/wicket/examples/encodings"
508,998,122,17,3,2,3,0.00274934445283205,5,3,2,0.470588235294118,446,26,120,0,0,3,y,"wicket-datetime/src/main/java/org/apache/wicket/extensions/yui/calendar"
199,0,0,1,0,0,0,0.00080282597760141,1,0,1,1,864,864,864,864,0,1,n,"jdk-1.4/wicket/src/main/java/wicket/markup/html/tree"
157,181,41,4,0,0,0,0.00338710407994833,2,0,2,0.75,948,237,915,0,0,0,n,"wicket/src/main/java/wicket/markup/html/pages"
26,298,68,8,0,0,0,0.0107117156486156,2,0,2,0.5,1298,162,1230,0,0,0,n,"wicket/src/java/wicket/authorization/strategies"
4,9,0,2,0,0,0,0.00132805968977521,2,0,2,0.5,777,388,481,296,0,0,n,"jdk-1.4/wicket/src/main/java/org/apache/wicket/authorization"
117,1004,120,14,0,0,0,0.00189632101694714,6,4,2,0.357142857142857,844,60,480,0,0,2,n,"jdk-1.4/wicket/src/main/java/org/apache/wicket/resource"
98,334,121,15,0,0,0,0.037464436586974,4,2,2,0.466666666666667,1688,112,1093,0,0,0,n,"wicket/src/java/wicket/util/parse/metapattern"
1427,36578,8764,1182,0,0,0,0.37169963666071,11,9,2,0.291032148900169,1688,1,1033,0,0,0,n,"wicket/src/java/wicket/markup"
539,792,257,21,1,1,0,0.00782478564589766,6,3,3,0.285714285714286,844,40,480,0,2,11,n,"jdk-1.4/wicket/src/main/java/org/apache/wicket/settings"
322,6328,104,50,7,7,1,0.00211797975983018,10,7,3,0.36,479,9,56,0,2,11,y,"wicket/src/main/java/org/apache/wicket/request"
9,3,95,5,0,0,0,0.0106835750962926,2,0,2,0.8,1318,263,1258,0,0,0,n,"wicket-spring/src/main/java/wicket/injection/web"
16,328,152,9,5,1,1,0.000737553635391179,4,2,2,0.555555555555556,125,13,40,0,0,5,y,"wicket-devutils/src/main/java/org/apache/wicket/devutils"
200,365,113,21,0,0,0,0.00606688361301755,7,5,2,0.428571428571429,845,40,480,0,0,4,n,"jdk-1.5/wicket-examples/src/main/java/org/apache/wicket/examples/ajax/builtin"
30,169,229,6,0,0,0,0.00118505352583874,1,0,1,1,889,148,889,0,0,0,n,"wicket-objectssizeof-agent/src/main/java/wicket/util/instrument"
71,90,77,7,0,0,0,0.00293442790752721,4,2,2,0.428571428571429,845,120,535,19,1,7,n,"jdk-1.4/wicket-extensions/src/main/java/org/apache/wicket/extensions/ajax/markup/html/autocomplete"
552,2137,26,20,2,2,0,0.00788559829030444,8,6,2,0.4,845,42,481,0,6,1,n,"jdk-1.4/wicket/src/main/java/org/apache/wicket/markup/parser/filter"
87,3,3,2,0,0,0,0.00594748018062567,2,0,2,0.5,1027,513,886,141,0,0,n,"wicket-extensions/src/main/java/wicket/extensions/breadcrumb/panel"
356,1041,94,19,4,2,0,0.00483431176516982,8,6,2,0.368421052631579,844,44,488,0,7,0,n,"jdk-1.4/wicket/src/main/java/org/apache/wicket/markup/html/internal"
264,1008,41,35,0,0,0,0.0763841695716141,4,3,1,0.657142857142857,1688,48,1093,0,0,0,n,"wicket/src/java/wicket/util/file"
66,34,45,3,0,0,0,0.00231876313586195,3,0,3,0.333333333333333,845,281,657,16,0,4,n,"jdk-1.4/wicket-extensions/src/main/java/org/apache/wicket/extensions/markup/html/repeater/data/grid"
98,393,11,4,0,0,0,0.00221708411612206,3,0,3,0.5,905,226,884,0,0,1,n,"wicket/src/main/java/wicket/util/parse/metapattern"
145,660,0,2,0,0,0,7.99955545722129e-05,2,0,2,0.5,753,376,690,62,0,0,n,"jdk-1.4/wicket/src/main/java/org/apache/wicket/version/undo"
193,568,0,3,0,0,0,0.00122237008112209,3,0,3,0.333333333333333,456,152,262,10,1,4,n,"wicket-examples/src/main/java/org/apache/wicket/examples/portlet/menu"
45,250,48,6,1,1,0,0.00218461027092744,4,3,1,0.5,845,140,638,0,0,2,n,"jdk-1.4/wicket-extensions/src/main/java/org/apache/wicket/extensions/markup/html/basic"
85,3,3,2,0,0,0,0.00103874682321701,1,0,1,1,864,432,863,1,0,1,n,"jdk-1.4/wicket/src/main/java/wicket/markup/html/navigation/paging"
43,259,20,16,0,0,0,0.0162941380987503,3,2,1,0.75,1318,82,886,0,0,1,n,"wicket-spring-annot/src/main/java/wicket/spring/injection/annot"
39,12,3,2,0,0,1,0.000345293223513205,2,0,2,0.5,125,62,63,61,0,9,y,"wicket-devutils/src/main/java/org/apache/wicket/devutils/inspector"
428,31,22,4,0,0,0,0.00371277288456505,2,0,2,0.75,784,196,629,0,0,0,n,"jdk-1.4/wicket-extensions/src/main/java/org/apache/wicket/extensions/markup/html/tree/table"
56,3,3,2,0,0,0,0.00430436678500345,2,0,2,0.5,1027,513,920,107,0,0,n,"wicket-extensions/src/main/java/wicket/extensions/markup/html/image/resource"
453,492,440,13,0,0,0,0.0408246311649077,4,3,1,0.769230769230769,1688,129,1186,0,0,0,n,"wicket/src/java/wicket/util/time"
85,485,138,37,0,0,0,0.123499870864302,4,2,2,0.513513513513513,1680,45,1102,0,0,0,n,"wicket-examples/src/java/wicket/examples/nested"
593,561,169,2,0,0,0,0.000210621569686996,2,0,2,0.5,845,422,657,187,0,0,n,"jdk-1.4/wicket/src/main/java/org/apache/wicket/util/concurrent"
41,14,13,3,0,0,0,0.00278665338820985,2,0,2,0.666666666666667,845,281,480,67,0,0,n,"jdk-1.5/wicket-examples/src/main/java/org/apache/wicket/examples/customresourceloading"
276,654,417,18,0,0,0,0.0380753909090486,5,4,1,0.444444444444444,1624,90,1234,0,0,0,n,"wicket/src/java/wicket/util/resource/locator"
11,66,10,3,1,1,0,0.00111080630836733,3,0,3,0.333333333333333,473,157,323,7,0,2,n,"wicket/src/main/java/org/apache/wicket/markup/html/basic"
120,88,54,6,1,1,0,0.00173110505052452,4,2,2,0.333333333333333,775,129,610,0,0,0,n,"jdk-1.4/wicket-ioc/src/main/java/org/apache/wicket/proxy"
17,66,44,3,0,0,0,0.0297204372673985,3,0,3,0.333333333333333,1688,562,1450,14,0,0,n,"wicket/src/java/wicket/util/listener"
274,270,12,4,0,0,1,0.00127032376267698,3,0,3,0.5,478,119,202,46,0,7,y,"wicket/src/main/java/org/apache/wicket/behavior"
3,54,0,2,0,0,0,0.00112308984120732,1,0,1,1,456,228,365,91,0,2,n,"wicket-examples/src/main/java/org/apache/wicket/examples/template"
195,774,45,7,0,0,0,0.00781223606593284,3,2,1,0.714285714285714,995,142,881,5,0,0,n,"wicket-examples/src/main/java/wicket/examples/forminput"
596,528,70,13,2,1,0,0.00267744217411428,6,5,1,0.461538461538462,441,33,81,0,0,2,n,"wicket/src/main/java/org/apache/wicket/settings"
314,1924,67,34,2,2,0,0.00589963905746532,9,8,1,0.382352941176471,844,24,480,0,4,0,n,"jdk-1.4/wicket/src/main/java/org/apache/wicket/markup/repeater"
969,3153,6,21,4,3,0,0.0022130363188415,9,9,0,0.19047619047619,830,39,481,0,0,3,n,"jdk-1.4/wicket/src/main/java/org/apache/wicket/util/string"
484,136,54,10,1,1,0,0.00449619549183004,5,3,2,0.5,846,84,610,9,0,2,n,"jdk-1.5/wicket-jmx/src/main/java/org/apache/wicket/jmx"
69,12,13,3,0,0,0,0.000985392648055866,2,0,2,0.666666666666667,845,281,817,3,0,2,n,"jdk-1.4/wicket/src/main/java/org/apache/wicket/util/diff"
30,14,8,3,0,0,1,0.00149691205084258,3,0,3,0.333333333333333,456,152,340,1,0,3,y,"wicket-examples/src/main/java/org/apache/wicket/examples/niceurl"
93,179,109,2,0,0,0,0.00181922755322171,2,0,2,0.5,845,422,681,164,0,4,n,"jdk-1.4/wicket-extensions/src/main/java/org/apache/wicket/extensions/breadcrumb/panel"
24,73,22,9,0,0,0,0.00325224533880733,2,0,2,0.666666666666667,845,93,513,0,0,0,n,"jdk-1.5/wicket-examples/src/main/java/org/apache/wicket/examples/stateless"
314,1148,0,2,0,0,0,0.00196505022873541,1,0,1,1,886,443,886,0,0,0,n,"wicket/src/main/java/wicket/util/value"
24,104,173,4,0,0,0,0.002916137499064,1,0,1,1,1145,286,1075,0,0,0,n,"wicket-examples/src/java/wicket/examples/captcha"
220,565,175,22,0,0,0,0.0845335147332895,4,2,2,0.454545454545455,1688,76,1205,0,0,0,n,"wicket-examples/src/java/wicket/examples/displaytag/utils"
458,1490,93,15,0,0,0,0.0219254476549196,5,3,2,0.4,1561,104,1098,0,0,0,n,"wicket/src/java/wicket/util/crypt"
51,207,18,3,0,0,0,0.00451469853253661,3,0,3,0.333333333333333,996,332,883,49,0,2,n,"wicket-examples/src/main/java/wicket/examples/signin"
1758,8245,1,23,0,0,0,0.00375012341281603,4,2,2,0.521739130434783,875,38,847,0,0,3,n,"jdk-1.4/wicket/src/main/java/wicket/protocol/http"
3,3,32,2,0,0,0,0.000963811895105166,2,0,2,0.5,456,228,243,212,0,2,n,"wicket-examples/src/main/java/org/apache/wicket/examples/helloworld"
133,326,27,9,1,1,0,0.00226931505265356,3,1,2,0.555555555555556,840,93,496,14,0,0,n,"jdk-1.4/wicket/src/main/java/org/apache/wicket/request/target/resource"
90,0,0,1,0,0,0,0.00161305662625965,1,0,1,1,845,845,845,845,0,0,n,"jdk-1.5/wicket-examples/src/main/java/org/apache/wicket/examples/upload"
115,57,12,5,0,0,0,0.0030642322683622,1,0,1,1,936,187,890,0,0,0,n,"wicket/src/main/java/wicket/version/undo"
96,8,8,2,0,0,0,0,1,0,1,1,857,428,857,0,0,0,n,"jdk-1.4/wicket/src/main/java/wicket/behavior"
136,695,0,3,0,0,0,0.00107294296694479,1,0,1,1,323,107,310,0,0,1,n,"wicket/src/main/java/org/apache/wicket/markup/html/pages"
49,201,0,5,1,1,1,0.000951829338723833,2,0,2,0.8,475,95,151,2,0,1,y,"wicket-extensions/src/main/java/org/apache/wicket/extensions/markup/html/form/select"
302,249,175,8,2,2,0,0.00205873103585853,3,1,2,0.5,455,56,133,1,2,18,n,"wicket/src/main/java/org/apache/wicket/util/convert/converters"
10,3,3,2,0,0,0,0.000849336436400501,1,0,1,1,884,442,884,0,0,0,n,"wicket/src/main/java/wicket/util/parse/metapattern/parsers"
198,0,0,1,0,0,0,0.00281125886111677,1,0,1,1,948,948,948,948,0,1,n,"wicket/src/main/java/wicket/markup/html/tree"
22,55,0,3,0,0,0,0.00133562278745993,3,0,3,0.333333333333333,473,157,341,17,0,3,n,"wicket-examples/src/main/java/org/apache/wicket/examples/authentication"
11,51,43,4,0,0,0,0.00970606509211531,3,0,3,0.5,1422,355,1267,2,0,0,n,"wicket/src/java/wicket/markup/html/resources"
293,13768,37,45,0,0,0,0.00152099027332338,10,8,2,0.244444444444444,874,19,846,0,0,10,n,"jdk-1.4/wicket/src/main/java/wicket/markup"
15,12,12,2,0,0,0,0.00231876313586195,2,0,2,0.5,845,422,657,188,0,0,n,"jdk-1.5/wicket-examples/src/main/java/org/apache/wicket/spring/proxy/web"
6,547,3877,36,1,1,0,0.0042741032992365,7,6,1,0.277777777777778,1027,28,879,0,0,1,n,"wicket-extensions/src/main/java/wicket/extensions"
24,160,0,2,0,0,0,0.00291431231536395,2,0,2,0.5,987,493,883,104,0,0,n,"wicket-examples/src/main/java/wicket/examples/breadcrumb"
189,692,81,14,3,3,1,0.00239098427066959,6,4,2,0.428571428571429,433,30,84,0,4,3,y,"wicket/src/main/java/org/apache/wicket/request/target/component"
104,222,0,2,0,0,0,0.000696376619260156,2,0,2,0.5,629,314,595,33,0,0,n,"jdk-1.4/wicket/src/main/java/org/apache/wicket/protocol/http/portlet"
20,0,0,1,0,0,0,0.00274483973972641,1,0,1,1,996,996,996,996,0,0,n,"wicket-examples/src/main/java/wicket/examples/stateless"
183,461,20,7,1,1,1,0.000539798800486723,6,5,1,0.285714285714286,472,67,178,0,0,0,y,"wicket/src/main/java/org/apache/wicket/markup/html/panel"
144,316,33,6,0,0,0,0.000899871554423839,4,2,2,0.333333333333333,455,75,161,0,0,3,n,"wicket/src/main/java/org/apache/wicket/request/target/resource"
111,293,9,4,1,1,0,0.000315978547489034,2,0,2,0.75,441,110,170,1,2,4,n,"wicket/src/main/java/org/apache/wicket/session"
3,18,3,3,0,0,0,0.00126350050738569,3,0,3,0.333333333333333,668,222,480,71,0,0,n,"jdk-1.5/wicket-examples/src/main/java/org/apache/wicket/examples/pub2"
32,12280,0,46,1,1,2,0.00171447672768429,10,9,1,0.304347826086957,473,10,91,0,0,112,y,"wicket-examples/src/main/java/org/apache/wicket/examples"
6,30,0,2,0,0,0,0.00302148179862621,1,0,1,1,948,474,883,65,0,0,n,"wicket-examples/src/main/java/wicket/examples/hellobrowser"
249,759,58,6,0,0,0,0.00137160339540823,2,1,1,0.833333333333333,974,162,895,0,0,0,n,"wicket/src/main/java/wicket/application"
153,1571,2598,54,0,0,0,0.105037980781267,6,4,2,0.574074074074074,1688,31,1054,0,0,0,n,"wicket/src/java/wicket/util/convert"
131,79,57,9,0,0,0,0.00305219775205201,6,4,2,0.333333333333333,846,94,601,0,0,4,n,"jdk-1.4/wicket-spring/src/main/java/org/apache/wicket/spring"
35,237,0,2,0,0,0,0.000771947062348274,2,0,2,0.5,456,228,285,170,0,1,n,"wicket-auth-roles/src/main/java/org/apache/wicket/authentication"
170,140,56,7,1,1,0,0.0058604753194944,4,2,2,0.428571428571429,1019,145,906,0,0,2,n,"wicket/src/main/java/wicket/request/compound"
85,60,8,3,0,0,0,0.00373192232158608,3,0,3,0.333333333333333,1024,341,974,5,0,1,n,"wicket/src/main/java/wicket/util/resource"
13,514,0,2,0,0,0,0.000522884728765215,2,0,2,0.5,476,238,323,152,0,4,n,"wicket/src/main/java/org/apache/wicket/version"
86,137,23,11,0,0,0,0.00295535433162437,4,3,1,0.636363636363636,846,76,513,0,0,5,n,"jdk-1.4/wicket-datetime/src/main/java/org/apache/wicket/datetime"
7,0,0,1,0,0,0,0,1,0,1,1,679,679,679,679,0,0,n,"jdk-1.4/wicket/src/main/java/org/apache/wicket/markup/html/basic"
347,1083,16,21,1,1,0,0.0104037980835669,5,3,2,0.333333333333333,1004,47,892,0,4,4,n,"wicket/src/main/java/wicket/behavior"
12,33,0,2,0,0,0,0.000774419137841131,1,0,1,1,859,429,857,1,0,0,n,"jdk-1.4/wicket/src/main/java/wicket/markup/resolver"
114,532,108,24,0,0,0,0.0623005446132192,4,3,1,0.666666666666667,1607,66,1265,0,0,0,n,"wicket/src/java/wicket/version/undo"
394,371,80,6,0,0,0,0.000393619965787465,4,3,1,0.5,453,75,151,0,0,0,n,"wicket-extensions/src/main/java/org/apache/wicket/extensions/wizard"
11,141,39,17,0,0,0,0.104189821238936,5,3,2,0.470588235294118,1688,99,1074,0,0,0,n,"wicket-examples/src/java/wicket/examples/pub"
18,644,28,33,0,0,0,0.0217524605431865,5,4,1,0.757575757575758,1278,38,1072,0,0,0,n,"wicket/src/java/wicket/ajax/markup/html"
107,11,10,3,0,0,0,0.0101392970982359,2,0,2,0.666666666666667,1318,439,885,0,0,0,n,"wicket-spring/src/main/java/wicket/proxy"
79,355,171,4,0,0,0,0.00639349519360277,2,0,2,0.75,1447,361,1428,0,0,0,n,"wicket-examples/src/java/wicket/examples/stockquote"
29,138,0,4,0,0,0,0.00276832010884377,3,0,3,0.5,988,247,879,14,0,1,n,"wicket/src/main/java/wicket/ajax/markup/html/form"
610,656,344,8,1,1,2,0.000871007250962025,2,0,2,0.625,441,55,107,1,2,4,y,"wicket/src/main/java/org/apache/wicket/validation/validator"
4,2891,1865,76,0,0,0,0.0312498437664476,8,5,3,0.289473684210526,1331,17,1048,0,0,0,n,"wicket/src/java/wicket/request/target"
249,886,252,80,0,0,0,0.272146110353897,6,3,3,0.425,1688,21,1183,0,0,0,n,"wicket/src/java/wicket/markup/html/panel"
284,12,9,3,0,0,0,0.000116695437677007,3,0,3,0.333333333333333,225,75,177,10,0,0,n,"wicket-extensions/src/main/java/org/apache/wicket/extensions/captcha/kittens"
30,0,0,1,0,0,0,0.00287499311001822,1,0,1,1,883,883,883,883,0,0,n,"wicket-examples/src/main/java/wicket/examples/unicodeconverter"
152,31,31,9,0,0,0,0.00466045446120466,3,1,2,0.666666666666667,845,93,480,0,0,0,n,"jdk-1.5/wicket-examples/src/main/java/org/apache/wicket/examples/hangman"
27,12,12,2,0,0,0,0.00212600405823937,1,0,1,1,845,422,481,363,0,0,n,"jdk-1.5/wicket-examples/src/main/java/org/apache/wicket/examples/unicodeconverter"
1131,3546,61,24,2,2,0,0.0193180957386431,7,6,1,0.5,1023,42,876,0,2,3,n,"wicket/src/main/java/wicket/protocol/http/portlet"
12,1,1,2,0,0,0,0.0085613133888658,1,0,1,1,1318,659,1271,46,0,0,n,"wicket-spring-examples/src/main/java/wicket/spring/direct/web"
27,480,159,39,0,0,0,0.0330633369364469,3,1,2,0.564102564102564,1372,35,1047,0,0,0,n,"wicket/src/java/wicket/authorization"
29,30,13,3,0,0,0,0.00294351632222477,1,0,1,1,845,281,480,1,0,0,n,"jdk-1.5/wicket-examples/src/main/java/org/apache/wicket/examples/frames"
12,114,53,5,0,0,1,0.00123973979462759,3,0,3,0.4,478,95,403,0,2,9,y,"wicket/src/main/java/org/apache/wicket/authorization"
191,318,78,3,0,0,0,0.00111436904106404,3,0,3,0.333333333333333,440,146,212,57,0,1,n,"wicket-examples/src/main/java/org/apache/wicket/examples/source"
180,434,24,9,0,0,0,0.00132170187070826,4,1,3,0.333333333333333,843,93,510,0,0,6,n,"jdk-1.4/wicket/src/main/java/org/apache/wicket/feedback"
49,12,0,3,0,0,0,0.00140693204613829,2,0,2,0.666666666666667,846,282,708,21,0,1,n,"jdk-1.4/wicket-datetime/src/main/java/org/apache/wicket/datetime/markup/html/basic"
30,0,0,1,0,0,0,0.00064353345649839,1,0,1,1,886,886,886,886,0,0,n,"wicket/src/main/java/wicket/markup/html/form/persistence"
133,273,213,12,4,1,0,0.00112906800420547,3,1,2,0.5,819,68,492,0,0,4,n,"jdk-1.4/wicket-velocity/src/main/java/org/apache/wicket/velocity"
5395,115577,25261,2837,0,0,0,1.20314281131997,12,10,2,0.273880860063447,1688,0,1028,0,0,5,n,"wicket/src/java/wicket"
57,338,8,6,0,0,0,0.00214472729732766,3,2,1,0.666666666666667,456,76,164,15,0,5,n,"wicket-examples/src/main/java/org/apache/wicket/examples/library"
714,1802,335,34,3,3,0,0.0089190358154461,8,6,2,0.264705882352941,845,24,480,0,2,3,n,"jdk-1.4/wicket/src/main/java/org/apache/wicket/protocol/http/request"
406,2233,1172,92,0,0,0,0.0941406023194127,8,7,1,0.630434782608696,1654,17,1043,0,0,0,n,"wicket/src/java/wicket/markup/parser"
43,139,28,4,1,1,0,0.00107004019179551,4,0,4,0.25,444,111,182,15,0,2,n,"wicket-extensions/src/main/java/org/apache/wicket/extensions/markup/html/basic"
3,0,0,1,0,0,0,0.000771947062348274,1,0,1,1,456,456,456,456,0,2,n,"wicket-examples/src/main/java/org/apache/wicket/examples/pub2"
65,9,8,4,0,0,0,0.0029513640051953,3,0,3,0.5,845,211,677,41,0,4,n,"jdk-1.4/wicket-extensions/src/main/java/org/apache/wicket/extensions/markup/html/repeater/util"
8,6,3,2,0,0,0,0.00133562278745993,2,0,2,0.5,456,228,341,114,0,2,n,"wicket-examples/src/main/java/org/apache/wicket/examples/hellobrowser"
36,20,9,4,0,0,0,0.00321037014415727,3,0,3,0.5,845,211,480,15,0,0,n,"jdk-1.5/wicket-examples/src/main/java/org/apache/wicket/examples/linkomatic"
567,2498,388,121,0,0,0,0.25037964383105,6,4,2,0.413223140495868,1688,13,1054,0,0,0,n,"wicket/src/java/wicket/markup/html/form/validation"
286,614,253,19,0,0,0,0.00639365443275947,3,2,1,0.736842105263158,910,47,881,0,0,0,n,"wicket-datetime/src/main/java/wicket/extensions/yui/calendar"
37,70,23,4,0,0,0,0.00135315196781421,3,0,3,0.5,478,119,403,0,0,2,n,"wicket/src/main/java/org/apache/wicket/authorization/strategies/page"
175,21,21,3,0,0,0,0.00239762961192273,2,0,2,0.666666666666667,846,282,481,1,0,3,n,"jdk-1.5/wicket-auth-roles/src/main/java/org/apache/wicket/authorization/strategies/role/metadata"
3,0,0,1,0,0,0,0.000771947062348274,1,0,1,1,456,456,456,456,0,2,n,"wicket-examples/src/main/java/org/apache/wicket/examples/pub"
112,67,28,7,0,0,0,0.00320718593549206,4,1,3,0.285714285714286,845,120,565,0,0,4,n,"jdk-1.4/wicket-extensions/src/main/java/org/apache/wicket/extensions/ajax/markup/html/form/upload"
107,9,0,4,0,0,0,0.000751581503385158,1,0,1,1,1102,275,1101,0,0,0,n,"wicket-examples/src/java/wicket/examples/ajax/builtin/tree"
149,446,15,4,0,0,0,0.0025358611753679,1,0,1,1,886,221,886,0,0,0,n,"wicket/src/main/java/wicket/markup/html/form/upload"
139,3142,24,24,1,1,0,0.00266299554783984,8,6,2,0.333333333333333,844,35,512,0,0,1,n,"jdk-1.4/wicket/src/main/java/org/apache/wicket/validation"
25,163,162,4,0,0,0,0.00346079199426595,2,0,2,0.75,845,211,481,61,0,0,n,"jdk-1.5/wicket-examples/src/main/java/org/apache/wicket/examples/debug"
81,285,146,6,5,1,0,0.000399522053720076,2,1,1,0.833333333333333,125,20,86,0,4,0,n,"wicket-devutils/src/main/java/org/apache/wicket/devutils/debugbar"
53,253,36,33,0,0,0,0.072514672243033,5,4,1,0.757575757575758,1673,50,1178,0,0,0,n,"wicket/src/java/wicket/markup/html/debug"
3854,91350,141,439,31,22,0,0.0500647523780031,11,10,1,0.42369020501139,1027,2,875,0,36,55,n,"wicket/src/main/java/wicket"
22,5,2,4,0,0,0,0.0059140965817021,3,0,3,0.5,1027,256,962,0,0,0,n,"wicket-extensions/src/main/java/wicket/extensions/ajax/markup/html/repeater/data/table"
71,24,24,4,0,0,0,0.00418717313256351,3,0,3,0.5,955,238,906,7,0,6,n,"wicket/src/main/java/wicket/request/target/component/listener"
55,71,32,8,0,0,0,0.0109753361065904,3,1,2,0.625,1254,156,1072,0,0,0,n,"wicket/src/java/wicket/ajax/markup/html/navigation/paging"
244,689,138,34,0,0,0,0.0377932052781579,6,4,2,0.352941176470588,1311,38,1068,0,0,0,n,"wicket/src/java/wicket/request/target/coding"
40,131,118,17,0,0,0,0.0148128504890084,2,0,2,0.588235294117647,1271,74,1266,0,0,1,n,"wicket-auth-roles/src/main/java/wicket/authorization/strategies/role/annotations"
83,79,10,2,0,0,0,0.00332646556627655,2,0,2,0.5,1262,631,1090,172,0,0,n,"wicket/src/java/wicket/markup/html/internal"
84,1537,1209,49,0,0,0,0.124561292995149,5,3,2,0.448979591836735,1688,34,1205,0,0,0,n,"wicket-examples/src/java/wicket/examples/displaytag"
26,39,33,4,0,0,0,0.00308454324842076,2,0,2,0.75,845,211,480,5,0,0,n,"jdk-1.5/wicket-examples/src/main/java/org/apache/wicket/examples/niceurl"
550,599,310,8,0,0,0,0.00375934403228602,3,1,2,0.625,993,124,881,0,0,0,n,"wicket/src/main/java/wicket/util/string"
42,9,9,2,0,0,0,0.000803019043206123,1,0,1,1,441,220,323,118,0,4,n,"wicket/src/main/java/org/apache/wicket/session/pagemap"
9,0,0,1,0,0,0,0.000219671234689381,1,0,1,1,1236,1236,1236,1236,0,0,n,"wicket-examples/src/java/wicket/examples/echo"
38,33,30,2,0,0,0,0.00462075978629141,2,0,2,0.5,1188,594,1188,0,0,0,n,"wicket/src/java/wicket/markup/html/body"
453,1925,17,29,3,3,0,0.0059411029484414,9,7,2,0.241379310344828,830,28,480,0,2,1,n,"jdk-1.4/wicket/src/main/java/org/apache/wicket/markup/html/link"
12,2,2,2,0,0,0,0.00112308984120732,1,0,1,1,456,228,365,91,0,3,n,"wicket-examples/src/main/java/org/apache/wicket/examples/hangman"
70,198,0,2,0,0,0,0.000542649770246793,1,0,1,1,457,228,310,147,0,0,n,"wicket-jmx/src/main/java/org/apache/wicket/jmx"
1317,3108,208,15,2,2,0,0.00238945393588453,4,1,3,0.466666666666667,476,31,119,0,3,10,n,"wicket/src/main/java/org/apache/wicket/protocol/http/pagestore"
219,318,45,11,0,0,0,0.0313266703403673,3,2,1,0.727272727272727,1377,125,1145,0,0,0,n,"wicket-examples/src/java/wicket/examples/repeater"
2761,10743,692,96,20,14,13,0.0103858178776626,9,8,1,0.635416666666667,477,4,32,0,21,20,y,"wicket/src/main/java/org/apache/wicket/markup/html/form"
207,4,3,2,0,0,0,0.0015232187735877,2,0,2,0.5,657,328,480,177,0,0,n,"jdk-1.5/wicket-examples/src/main/java/org/apache/wicket/examples/portlet/menu"
46,0,0,1,0,0,0,0.000473057221060579,1,0,1,1,813,813,813,813,0,0,n,"jdk-1.4/wicket/src/main/java/org/apache/wicket/protocol/http/request/urlcompressing"
161,278,24,5,0,0,0,0.00697402823460211,2,0,2,0.8,1308,261,1245,0,0,0,n,"wicket/src/java/wicket/markup/transformer"
16,0,0,1,0,0,0,0,1,0,1,1,1026,1026,1026,1026,0,0,n,"wicket/src/main/java/wicket/ajax/markup/html/navigation/paging"
264,716,64,9,4,2,2,0.00178556662642978,3,2,1,0.777777777777778,456,50,195,0,3,0,y,"wicket-guice/src/main/java/org/apache/wicket/guice"
25,0,0,1,0,0,1,0.000265431562164994,1,0,1,1,473,473,473,473,0,1,y,"wicket/src/main/java/org/apache/wicket/markup/html/debug"
53,77,29,6,2,2,1,0.00150991440247586,4,3,1,0.5,479,79,183,1,0,1,y,"wicket/src/main/java/org/apache/wicket/ajax/markup/html/navigation/paging"
188,294,131,16,0,0,0,0.0166920920383897,4,1,3,0.3125,1451,90,1055,0,0,0,n,"wicket/src/java/wicket/feedback"
40,3,3,2,0,0,0,0.000506733922741552,2,0,2,0.5,125,62,80,44,0,2,n,"wicket-devutils/src/main/java/org/apache/wicket/devutils/stateless"
103,6,6,2,1,1,0,0.000463879795651979,1,0,1,1,697,348,512,185,0,0,n,"jdk-1.4/wicket/src/main/java/org/apache/wicket/markup/html/form/persistence"
98,604,1,4,0,0,0,0.00109701497168415,1,0,1,1,867,216,859,0,0,0,n,"jdk-1.4/wicket/src/main/java/wicket/validation"
26,225,3,16,0,0,0,0.0192880187726766,2,1,1,0.9375,1278,79,1109,0,0,0,n,"wicket/src/java/wicket/ajax/markup/html/form"
167,247,116,8,0,0,0,0.0109480103331497,3,1,2,0.625,1267,158,1048,0,0,0,n,"wicket/src/java/wicket/request/target/resource"
429,1413,721,90,0,0,0,0.229728801084118,8,6,2,0.422222222222222,1673,18,1093,0,0,0,n,"wicket/src/java/wicket/model"
199,247,0,3,0,0,0,0.000891766493706336,3,0,3,0.333333333333333,864,288,856,2,0,2,n,"jdk-1.4/wicket/src/main/java/wicket/markup/repeater"
196,207,195,21,0,0,0,0.00861234944013548,5,3,2,0.523809523809524,845,40,480,0,1,3,n,"jdk-1.5/wicket-examples/src/main/java/org/apache/wicket/examples/forminput"
315,1220,7,78,0,0,0,0.142570337348375,7,5,2,0.371794871794872,1688,21,1132,0,0,0,n,"wicket/src/java/wicket/markup/html/list"
856,3092,104,20,4,4,0,0.00430105542959973,6,3,3,0.3,479,23,112,0,12,2,n,"wicket/src/main/java/org/apache/wicket/request/target/coding"
30,13,13,3,0,0,0,0.0016042995438097,2,0,2,0.666666666666667,456,152,349,15,0,3,n,"wicket-examples/src/main/java/org/apache/wicket/examples/signin2"
156,19,25,4,0,0,0,0.00755186831518621,3,0,3,0.5,1318,329,886,37,0,0,n,"wicket-spring-examples/src/main/java/wicket/spring/common"
165,3355,0,10,0,0,0,0.00818077806914413,5,3,2,0.4,1026,102,878,0,0,0,n,"wicket-examples/src/main/java/wicket/examples/ajax/builtin"
609,1124,185,15,0,0,0,0.00308636115506777,5,4,1,0.733333333333333,457,30,99,0,2,22,n,"wicket/src/main/java/org/apache/wicket/markup/html/link"
31,10,7,2,0,0,0,0.00231876313586195,2,0,2,0.5,845,422,657,188,0,0,n,"jdk-1.5/wicket-objectssizeof-agent/src/main/java/org/apache/wicket/util/instrument"
30,141,0,2,0,0,0,0.0041587772083886,2,0,2,0.5,886,443,883,3,0,0,n,"wicket-examples/src/main/java/wicket/examples/guestbook"
21,0,0,1,0,0,0,0,1,0,1,1,185,185,185,185,0,0,n,"wicket/src/main/java/org/apache/wicket/ajax/calldecorator"
5,0,0,1,0,0,0,0.000125647922067212,1,0,1,1,659,659,659,659,0,0,n,"jdk-1.4/wicket/src/main/java/org/apache/wicket/markup/html/resources"
10,63,0,2,0,0,0,0.00438763075704095,2,0,2,0.5,987,493,883,104,0,0,n,"wicket-examples/src/main/java/wicket/examples/ajax/prototype"
65,4,169,4,0,0,0,0.00645338807200984,4,0,4,0.25,1027,256,886,4,0,0,n,"wicket-extensions/src/main/java/wicket/extensions/markup/html/repeater/util"
217,1692,556,58,0,0,0,0.131701728771405,6,4,2,0.344827586206897,1688,29,1075,0,0,0,n,"wicket/src/java/wicket/util/resource"
55,264,163,35,0,0,0,0.132220471821428,5,3,2,0.571428571428571,1688,48,1205,0,0,0,n,"wicket-examples/src/java/wicket/examples/upload"
70,40,0,2,0,0,0,0.000559553858325998,1,0,1,1,861,430,861,0,0,0,n,"jdk-1.4/wicket/src/main/java/wicket/validation/validator"
22,94,66,5,0,0,0,0.0157919480528653,2,0,2,0.6,1271,254,1230,0,0,0,n,"wicket/src/java/wicket/authorization/strategies/page"
124,465,0,2,0,0,0,0.000794748421291468,2,0,2,0.5,476,238,323,152,0,3,n,"wicket/src/main/java/org/apache/wicket/version/undo"
300,2890,0,3,0,0,0,0.00713792327108136,2,0,2,0.666666666666667,987,329,883,3,0,0,n,"wicket-examples/src/main/java/wicket/examples/compref"
101,15,15,2,0,0,0,0.00131600980345635,2,0,2,0.5,775,387,657,117,0,7,n,"jdk-1.4/wicket-ioc/src/main/java/org/apache/wicket/injection"
1284,39970,11,213,36,23,27,0.00251253345869954,9,8,1,0.539906103286385,479,2,21,0,2,39,y,"wicket/src/main/java/org/apache/wicket/markup"
62,178,0,3,0,0,0,0.000823114668479146,2,0,2,0.666666666666667,344,114,170,20,0,2,n,"wicket/src/main/java/org/apache/wicket/markup/transformer"
185,0,0,1,0,0,0,0.00343137045804104,1,0,1,1,963,963,963,963,0,0,n,"wicket/src/main/java/wicket/markup/repeater/data"
67,255,226,25,0,0,0,0.103822377695611,4,2,2,0.48,1688,67,1190,0,0,0,n,"wicket-examples/src/java/wicket/examples/signin2"
18,75,3,5,0,0,0,0.00172336376508155,4,0,4,0.4,456,91,295,0,0,2,n,"wicket-examples/src/main/java/org/apache/wicket/examples/velocity"
1895,10734,3500,528,0,0,0,0.589763197448956,10,8,2,0.333333333333333,1688,3,1033,0,0,0,n,"wicket/src/java/wicket/markup/html/form"
18,60,2,2,0,0,0,0.000607729556524719,2,0,2,0.5,865,432,851,14,0,0,n,"jdk-1.4/wicket/src/main/java/wicket/util/convert/converters"
55,0,0,1,0,0,0,0.00276534218768822,1,0,1,1,885,885,885,885,0,0,n,"wicket/src/main/java/wicket/util/file"
142,55,43,3,0,0,0,0.000632424100760871,2,0,2,0.666666666666667,245,81,181,0,1,5,n,"wicket-extensions/src/main/java/org/apache/wicket/extensions/breadcrumb"
23,64,3,3,0,0,0,0.000717348493009887,1,0,1,1,475,158,457,0,0,1,n,"wicket/src/main/java/org/apache/wicket/markup/repeater/util"
104,0,0,1,0,0,0,0.00123684678601399,1,0,1,1,927,927,927,927,0,0,n,"wicket/src/main/java/wicket/resource"
3483,52145,1,138,1,1,0,0.00810239255352958,11,10,1,0.340579710144928,875,6,846,0,4,4,n,"jdk-1.4/wicket/src/main/java/wicket"
382,877,299,55,5,3,0,0.00807575182048214,9,6,3,0.218181818181818,845,15,481,0,3,4,n,"jdk-1.4/wicket-extensions/src/main/java/org/apache/wicket/extensions/ajax/markup/html"
34,521,107,10,2,2,1,0.000753930845291986,4,3,1,0.7,479,47,183,0,0,3,y,"wicket/src/main/java/org/apache/wicket/ajax/markup/html"
156,0,0,1,0,0,0,0.000302895357328757,1,0,1,1,857,857,857,857,0,0,n,"jdk-1.4/wicket/src/main/java/wicket/markup/html/pages"
19,157,6,4,0,0,0,0.00191169596966854,4,0,4,0.25,463,115,331,6,0,5,n,"wicket-examples/src/main/java/org/apache/wicket/examples/authorization"
452,1226,0,4,0,0,0,0.000646220072357621,3,0,3,0.5,798,199,515,39,0,1,n,"jdk-1.4/wicket/src/main/java/org/apache/wicket/util/time"
245,506,0,4,0,0,0,0.00239728352835176,2,0,2,0.75,996,249,891,9,0,1,n,"wicket/src/main/java/wicket/markup/html/image/resource"
127,154,28,14,0,0,0,0.0209837260233224,4,2,2,0.571428571428571,1318,94,885,0,0,2,n,"wicket-spring/src/main/java/wicket/spring"
396,0,0,1,0,0,0,0,1,0,1,1,454,454,454,454,0,0,n,"wicket/src/main/java/org/apache/wicket/protocol/http/documentvalidation"
25,251,0,2,0,0,0,0.00288581489951071,2,0,2,0.5,886,443,883,3,0,0,n,"wicket-examples/src/main/java/wicket/examples/frames"
176,735,89,14,5,3,2,0.00168826964027935,4,3,1,0.642857142857143,456,32,112,0,3,3,y,"wicket-extensions/src/main/java/org/apache/wicket/extensions/markup/html/form/palette"
177,1071,83,32,0,0,0,0.0698355855552936,4,2,2,0.5,1655,51,1152,0,0,0,n,"wicket/src/java/wicket/markup/html/pages"
7,0,0,1,0,0,0,0.000302895357328757,1,0,1,1,857,857,857,857,0,0,n,"jdk-1.4/wicket/src/main/java/wicket/request/target/basic"
165,708,94,6,0,0,0,0.00245603941814283,3,2,1,0.666666666666667,473,78,207,2,0,4,n,"wicket-examples/src/main/java/org/apache/wicket/examples/forminput"
5551,127192,224,1146,172,96,0,0.0414535810950459,15,15,0,0.180628272251309,845,0,479,0,94,54,n,"jdk-1.4/wicket/src/main/java/org/apache/wicket"
55,0,0,1,0,0,0,0,1,0,1,1,849,849,849,849,0,0,n,"jdk-1.4/wicket/src/main/java/wicket/util/resource/locator"
252,1021,0,8,0,0,0,0.00279417913556925,7,6,1,0.25,873,109,851,0,1,1,n,"jdk-1.4/wicket/src/main/java/wicket/markup/html/link"
24,4,3,2,0,0,0,0.00243056889024505,1,0,1,1,845,422,480,365,0,0,n,"jdk-1.5/wicket-examples/src/main/java/org/apache/wicket/examples/breadcrumb"
241,1972,1,8,0,0,0,0.00814056191763934,4,2,2,0.5,968,121,883,0,0,0,n,"wicket-examples/src/main/java/wicket/examples/repeater"
553,2482,0,24,6,2,0,0.00433650019743024,7,6,1,0.5,477,19,84,0,6,11,n,"wicket/src/main/java/org/apache/wicket/model"
28,60,616,21,0,0,0,0.0891684652270005,4,2,2,0.666666666666667,1661,79,1608,0,0,0,n,"wicket-examples/src/java/wicket/examples/springframework2"
7,19,0,3,0,0,0,0.00133048719168131,3,0,3,0.333333333333333,477,159,232,114,0,1,n,"wicket-examples/src/main/java/org/apache/wicket/spring/common/web"
164,25,28,6,0,0,0,0.00395228026490043,2,1,1,0.833333333333333,845,140,480,0,0,0,n,"jdk-1.5/wicket-examples/src/main/java/org/apache/wicket/examples/library"
40,53,41,2,0,0,0,0.00109385780963847,1,0,1,1,778,389,481,297,0,4,n,"jdk-1.4/wicket/src/main/java/org/apache/wicket/markup/loader"
54,0,0,1,0,0,0,0.00321180356681799,1,0,1,1,889,889,889,889,0,0,n,"wicket-datetime/src/main/java/wicket/datetime/util"
3,3,3,2,0,0,0,0.00243056889024505,1,0,1,1,845,422,480,365,0,0,n,"jdk-1.5/wicket-examples/src/main/java/org/apache/wicket/examples/navomatic"
13,66,12,5,0,0,0,0.0030642322683622,1,0,1,1,936,187,890,0,0,0,n,"wicket/src/main/java/wicket/version"
83,48,51,4,0,0,0,0.00315042748987784,3,0,3,0.5,845,211,595,61,0,0,n,"jdk-1.5/wicket-examples/src/main/java/org/apache/wicket/examples/stockquote"
14,0,0,1,0,0,0,0.00161305662625965,1,0,1,1,845,845,845,845,0,1,n,"jdk-1.4/wicket-extensions/src/main/java/org/apache/wicket/extensions/ajax/markup/html/tabs"
23,0,0,1,0,0,0,0.00137331527403135,1,0,1,1,963,963,963,963,0,0,n,"wicket/src/main/java/wicket/markup/repeater/util"
1125,2193,863,3,0,0,0,0.00051017516352854,2,0,2,0.666666666666667,285,95,184,37,1,11,n,"wicket/src/main/java/org/apache/wicket/protocol/http/portlet"
12,0,0,1,0,0,0,0,1,0,1,1,370,370,370,370,0,0,n,"wicket-extensions/src/main/java/org/apache/wicket/extensions/validation/validator"
14,0,0,1,0,0,0,0.0008175122639854,1,0,1,1,480,480,480,480,0,0,n,"jdk-1.4/wicket/src/main/java/org/apache/wicket/session/pagemap"
189,745,9,17,1,1,0,0.00464017348688734,6,4,2,0.352941176470588,844,49,611,0,0,2,n,"jdk-1.4/wicket/src/main/java/org/apache/wicket/markup/html/panel"
56,0,0,1,0,0,0,0.000103485018440323,1,0,1,1,453,453,453,453,0,0,n,"wicket-extensions/src/main/java/org/apache/wicket/extensions/wizard/dynamic"
63,49,57,4,0,0,0,0.00122532169052691,2,0,2,0.75,781,195,677,0,0,0,n,"jdk-1.4/wicket-extensions/src/main/java/org/apache/wicket/extensions/wizard/dynamic"
156,28,25,4,0,0,0,0.00632205856472207,1,0,1,1,1318,329,1090,0,0,0,n,"wicket-spring-annot-examples/src/main/java/wicket/spring/common"
326,360,204,14,4,2,0,0.00283321964712816,6,4,2,0.428571428571429,836,59,480,0,7,0,n,"jdk-1.4/wicket/src/main/java/org/apache/wicket/markup/html/list"
176,778,75,7,2,1,1,0.0014755553812647,3,2,1,0.714285714285714,449,64,174,0,2,1,y,"wicket/src/main/java/org/apache/wicket/util/template"
6,42,18,5,0,0,0,0.00285363838127106,4,0,4,0.4,845,169,657,0,0,0,n,"jdk-1.5/wicket-examples/src/main/java/org/apache/wicket/examples/ajax/builtin/modal"
150,155,132,9,0,0,0,0.01640977753805,5,2,3,0.333333333333333,1443,160,1235,0,0,0,n,"wicket/src/java/wicket/markup/html/navigation/paging"
573,445,120,9,2,1,0,0.00248477429935557,5,2,3,0.333333333333333,450,50,132,3,2,3,n,"wicket/src/main/java/org/apache/wicket/util/value"
42,3,0,2,0,0,0,0.000989391344291347,2,0,2,0.5,874,437,865,9,0,0,n,"jdk-1.4/wicket/src/main/java/wicket/protocol/http/request/urlcompressing"
240,1159,37,9,1,1,1,0.000929590178362086,3,1,2,0.444444444444444,453,50,160,0,0,2,y,"wicket/src/main/java/org/apache/wicket/util/resource"
63,179,91,8,0,0,0,0.0393385196555902,3,1,2,0.625,1688,211,1093,1,0,0,n,"wicket/src/java/wicket/util/parse/metapattern/parsers"
49,136,155,14,0,0,0,0.06058489614659,3,2,1,0.785714285714286,1650,117,1603,0,0,0,n,"wicket-examples/src/java/wicket/examples/selecttag"
840,442,51,4,0,0,0,0.000747007725024703,3,0,3,0.5,477,119,215,36,0,6,n,"wicket/src/main/java/org/apache/wicket/util/collections"
194,184,104,2,0,0,0,0.000934954451492293,2,0,2,0.5,869,434,862,6,0,0,n,"jdk-1.4/wicket/src/main/java/wicket/resource"
10,67,145,11,0,0,0,0.00872514850630439,4,1,3,0.363636363636364,1308,118,1104,0,0,0,n,"wicket-examples/src/java/wicket/examples/ajax/prototype"
177,576,0,12,2,2,0,0.00332873605966837,5,4,1,0.5,828,69,481,0,0,0,n,"jdk-1.4/wicket/src/main/java/org/apache/wicket/util/convert/converters"
215,564,391,50,0,0,0,0.209673007644577,5,4,1,0.58,1688,33,1230,0,0,1,n,"wicket-examples/src/java/wicket/examples/library"
294,0,0,1,0,0,0,0.00436366979069159,1,0,1,1,963,963,963,963,0,0,n,"wicket/src/main/java/wicket/markup/repeater"
133,12,12,3,0,0,0,0.00796163828747277,2,0,2,0.666666666666667,1027,342,886,0,0,0,n,"wicket-extensions/src/main/java/wicket/extensions/breadcrumb"
243,115,51,16,0,0,0,0.00648422751840371,6,4,2,0.4375,1027,64,879,0,0,0,n,"wicket-extensions/src/main/java/wicket/extensions/ajax/markup/html"
11,0,0,1,0,0,0,0.000425662377527633,1,0,1,1,905,905,905,905,0,0,n,"wicket/src/main/java/wicket/util/crypt"
87,427,93,4,0,0,0,0.00122371668301537,1,0,1,1,1311,327,1310,0,0,0,n,"wicket/src/java/wicket/markup/outputTransformer"
170,0,0,1,0,0,1,2.7969502251109e-05,1,0,1,1,244,244,244,244,0,0,y,"wicket-extensions/src/main/java/org/apache/wicket/extensions/util/encoding"
12,1,1,2,0,0,0,0.0085613133888658,1,0,1,1,1318,659,1271,46,0,0,n,"wicket-spring-annot-examples/src/main/java/wicket/spring/annot/web"
38,56,48,5,0,0,0,0.00682303508487252,2,0,2,0.6,1234,246,1232,0,0,0,n,"wicket-examples/src/java/wicket/examples/customresourceloading"
19,80,62,7,0,0,0,0.00271001176604948,3,0,3,0.428571428571429,735,105,480,0,0,0,n,"jdk-1.5/wicket-examples/src/main/java/org/apache/wicket/examples/dates"
350,440,265,8,2,2,0,0.000826621399597707,3,2,1,0.75,446,55,208,0,4,0,n,"wicket-extensions/src/main/java/org/apache/wicket/extensions/ajax/markup/html/modal"
470,2036,4,32,3,2,0,0.00630089216210898,8,7,1,0.375,844,26,480,0,2,6,n,"jdk-1.4/wicket/src/main/java/org/apache/wicket/model"
29,10,10,5,0,0,0,0.0026526097529515,3,0,3,0.4,846,169,657,0,0,0,n,"jdk-1.4/wicket-quickstart/src/main/java/org/apache/wicket/quickstart"
24,95,0,3,1,1,0,0.000578487243445369,3,0,3,0.333333333333333,248,82,160,22,0,0,n,"wicket/src/main/java/org/apache/wicket/request/target/component/listener"
60,44,32,2,1,1,0,0.000619169993443004,1,0,1,1,457,228,370,86,0,0,n,"wicket/src/main/java/org/apache/wicket/markup/html/include"
158,68,62,4,0,0,0,0.00294784456228624,2,0,2,0.5,845,211,595,8,0,0,n,"jdk-1.5/wicket-examples/src/main/java/org/apache/wicket/spring/common"
24,9,1,4,0,0,0,0.00681637522137271,2,0,2,0.75,1435,358,1411,0,0,0,n,"wicket/src/java/wicket/markup/html/ajax/scriptaculous"
149,448,70,11,1,1,0,0.00175624521155536,6,4,2,0.363636363636364,841,76,498,0,0,1,n,"jdk-1.4/wicket/src/main/java/org/apache/wicket/request/target/basic"
29,158,115,18,0,0,0,0.0290320117392432,6,4,2,0.277777777777778,1687,93,886,0,0,0,n,"wicket-quickstart/src/main/java/wicket/quickstart"
114,0,0,1,0,0,0,0.000403947138983964,1,0,1,1,453,453,453,453,0,1,n,"wicket/src/main/java/org/apache/wicket/util/license"
96,302,65,19,0,0,0,0.024597979400588,3,2,1,0.842105263157895,1278,67,1055,0,0,0,n,"wicket/src/java/wicket/ajax/form"
185,165,37,3,1,1,0,0.000539520492096507,2,0,2,0.666666666666667,453,151,227,65,0,0,n,"wicket/src/main/java/org/apache/wicket/util/resource/locator"
23,0,0,1,0,0,0,0.00632205856472207,1,0,1,1,1318,1318,1318,1318,0,0,n,"wicket-spring-annot-examples/src/main/launcher/jetty"
1,0,0,1,0,0,0,0.00117039122697964,1,0,1,1,950,950,950,950,0,0,n,"wicket/src/main/java/wicket/markup/html/navigation/paging"
12,0,0,1,0,0,0,0.00165600514904658,1,0,1,1,883,883,883,883,0,0,n,"wicket-examples/src/main/java/wicket/examples/template"
550,1861,28,19,0,0,0,0.0435159860749595,4,2,2,0.421052631578947,1688,88,1186,0,0,0,n,"wicket/src/java/wicket/util/io"
92,10,10,4,0,0,0,0.00979809058194604,3,0,3,0.5,1027,256,886,24,0,0,n,"wicket-extensions/src/main/java/wicket/extensions/markup/html/repeater/data/table/filter"
24,12,12,2,0,0,0,0.000799916564599383,2,0,2,0.5,456,228,244,211,0,2,n,"wicket-examples/src/main/java/org/apache/wicket/examples/captcha"
39,506,0,4,0,0,0,0.00158573107461214,2,0,2,0.75,996,249,891,9,0,2,n,"wicket/src/main/java/wicket/markup/html/image"
70,343,216,26,0,0,0,0.0246942296355969,5,2,3,0.346153846153846,1309,50,1208,0,0,0,n,"wicket/src/java/wicket/session"
47,64,24,5,0,0,0,0.00135633519063952,4,0,4,0.4,846,169,481,1,0,11,n,"jdk-1.5/wicket-auth-roles/src/main/java/org/apache/wicket/authorization/strategies/role"
18,3,3,2,0,0,0,0.00142745787598161,2,0,2,0.5,777,388,480,297,0,0,n,"jdk-1.5/wicket-examples/src/main/java/org/apache/wicket/examples/authentication"
247,772,12,14,1,1,2,0.00167534576227999,5,3,2,0.5,476,34,115,0,0,1,y,"wicket/src/main/java/org/apache/wicket/markup/html/form/upload"
81,127,46,8,0,0,0,0.00366849678512102,4,2,2,0.375,845,105,502,8,0,4,n,"jdk-1.4/wicket-extensions/src/main/java/org/apache/wicket/extensions/markup/html/tabs"
294,3083,16,43,0,0,0,0.0540704202686509,7,5,2,0.488372093023256,1473,34,1108,0,0,0,n,"wicket-examples/src/java/wicket/examples/compref"
37,0,0,1,0,0,0,0.000512336899557626,1,0,1,1,859,859,859,859,0,0,n,"jdk-1.4/wicket/src/main/java/wicket/markup/html/internal"
48,0,0,1,0,0,0,0.000215036409602756,1,0,1,1,429,429,429,429,0,0,n,"wicket-extensions/src/main/java/org/apache/wicket/extensions/markup/html/repeater/data/grid"
216,1257,560,47,0,0,0,0.113344314158472,7,4,3,0.319148936170213,1688,35,1094,0,0,0,n,"wicket/src/java/wicket/resource"
370,21,21,3,0,0,0,0.00951316926373436,2,0,2,0.666666666666667,1027,342,886,40,0,0,n,"wicket-extensions/src/main/java/wicket/extensions/wizard"
611,2390,224,84,18,11,0,0.0106624054470276,9,7,2,0.297619047619048,845,10,490,0,6,3,n,"jdk-1.4/wicket/src/main/java/org/apache/wicket/ajax"
1002,1906,0,3,0,0,0,0.000393814287256486,3,0,3,0.333333333333333,865,288,847,5,0,0,n,"jdk-1.4/wicket/src/main/java/wicket/util/lang"
3,0,0,1,0,0,0,0.00220324008841248,1,0,1,1,883,883,883,883,0,0,n,"wicket-examples/src/main/java/wicket/examples/navomatic"
257,4038,6,29,3,3,0,0.00616983659330643,7,6,1,0.413793103448276,1024,35,879,0,2,18,n,"wicket/src/main/java/wicket/request"
57,93,371,3,0,0,0,0.00977003413706018,1,0,1,1,1527,509,1340,55,0,0,n,"wicket/src/java/wicket/markup/html/include"
22,366,33,4,0,0,0,0.000523486840536165,2,0,2,0.75,868,217,856,0,0,0,n,"jdk-1.4/wicket/src/main/java/wicket/ajax/markup/html"
320,5850,72,92,21,8,0,0.00677014464590693,10,8,2,0.25,845,9,480,0,0,4,n,"jdk-1.4/wicket/src/main/java/org/apache/wicket/request"
233,138,59,6,2,2,0,0.000920032601384106,4,3,1,0.5,478,79,158,0,2,0,n,"wicket/src/main/java/org/apache/wicket/feedback"
1282,2927,77,36,3,3,0,0.0065428466857618,7,5,2,0.277777777777778,844,23,490,0,5,2,n,"jdk-1.4/wicket/src/main/java/org/apache/wicket/util/lang"
433,2284,33,11,0,0,0,0.00162984591012977,2,1,1,0.818181818181818,868,78,846,0,0,1,n,"jdk-1.4/wicket/src/main/java/wicket/ajax"
17,0,0,1,0,0,0,0.0032942613876932,1,0,1,1,1027,1027,1027,1027,0,0,n,"wicket-extensions/src/main/java/wicket/extensions/markup/html/basic"
1460,3708,753,61,0,0,0,0.0845080189904435,7,5,2,0.327868852459016,1688,27,1028,0,0,0,n,"wicket/src/java/wicket/util/string"
204,396,13,7,1,1,0,0.00201885496747782,5,3,2,0.285714285714286,844,120,488,0,0,0,n,"jdk-1.4/wicket/src/main/java/org/apache/wicket/markup/html/form/upload"
685,2466,298,37,4,2,0,0.0161076553183323,8,6,2,0.297297297297297,1024,27,881,0,8,4,n,"wicket/src/main/java/wicket/protocol/http/request"
18,8,5,2,0,0,0,0.00092376124713856,2,0,2,0.5,478,239,440,37,0,2,n,"wicket/src/main/java/org/apache/wicket/authorization/strategies/action"
32,0,0,1,0,0,0,0.00165600514904658,1,0,1,1,883,883,883,883,0,0,n,"wicket-examples/src/main/java/wicket/examples/panels/signin"
48,62,62,3,1,1,0,0.000793438834288058,3,0,3,0.333333333333333,320,106,206,43,2,0,n,"wicket-extensions/src/main/java/org/apache/wicket/extensions/rating"
4427,28548,208,96,14,14,6,0.00795711078922668,8,6,2,0.333333333333333,476,4,40,0,13,28,y,"wicket/src/main/java/org/apache/wicket/protocol/http"
3,287,188,3,0,0,0,0.00275783905169938,2,0,2,0.666666666666667,845,281,480,68,0,0,n,"jdk-1.5/wicket-examples/src/main/java/org/apache/wicket/examples/template"
28,0,0,1,0,0,0,0.000771947062348274,1,0,1,1,456,456,456,456,0,2,n,"wicket-examples/src/main/java/org/apache/wicket/examples/nested"
18,0,0,1,0,0,0,0.000771947062348274,1,0,1,1,456,456,456,456,0,2,n,"wicket-examples/src/main/java/org/apache/wicket/examples/guestbook"
160,468,6,23,4,4,0,0.00506136431958581,5,2,3,0.260869565217391,827,35,496,0,2,5,n,"jdk-1.4/wicket/src/main/java/org/apache/wicket/ajax/form"
66,120,0,3,0,0,0,0.000877727739765519,3,0,3,0.333333333333333,844,281,659,84,0,1,n,"jdk-1.4/wicket/src/main/java/org/apache/wicket/request/target/component/listener"
58,175,0,4,0,0,0,0.00103181940609662,3,0,3,0.5,816,204,659,37,0,1,n,"jdk-1.4/wicket/src/main/java/org/apache/wicket/util/file"
60,5161,1262,105,0,0,0,0.00313943072992281,12,11,1,0.371428571428571,845,8,480,0,0,13,n,"jdk-1.5/wicket-examples/src/main/java/org/apache/wicket/examples"
431,3067,0,109,0,0,0,0.0602448990316114,9,8,1,0.651376146788991,1516,13,1042,0,0,0,n,"wicket/src/java/wicket/ajax"
124,4608,500,149,0,0,0,0.077027182736736,9,6,3,0.295302013422819,1347,9,1048,0,0,0,n,"wicket/src/java/wicket/request"
108,1125,0,18,2,2,0,0.00121452412384568,6,4,2,0.333333333333333,828,46,481,0,0,1,n,"jdk-1.4/wicket/src/main/java/org/apache/wicket/util/convert"
151,502,66,11,0,0,1,0.00154833407203987,5,3,2,0.454545454545455,427,38,148,0,0,0,y,"wicket/src/main/java/org/apache/wicket/request/target/basic"
24,3,3,2,0,0,0,0.00243056889024505,1,0,1,1,845,422,480,365,0,0,n,"jdk-1.5/wicket-examples/src/main/java/org/apache/wicket/examples/captcha"
32,130,39,3,0,0,0,0.000517340790096926,2,0,2,0.666666666666667,861,287,851,0,0,0,n,"jdk-1.4/wicket/src/main/java/wicket/markup/transformer"
430,1510,213,60,0,0,0,0.133827785181892,4,2,2,0.516666666666667,1630,27,1044,0,0,0,n,"wicket/src/java/wicket/markup/html/image/resource"
233,855,1441,33,0,0,0,0.0865230101994832,5,3,2,0.484848484848485,1688,51,1076,0,0,0,n,"wicket/src/java/wicket/util/convert/converters"
37,170,7,8,0,0,0,0.00189294194996892,3,2,1,0.75,841,105,657,0,0,0,n,"jdk-1.5/wicket-examples/src/main/java/org/apache/wicket/examples/staticpages"
75,207,36,13,0,0,0,0.0599842394018856,4,2,2,0.538461538461538,1688,129,1084,1,0,0,n,"wicket/src/java/wicket/response"
1070,1029,632,15,0,0,0,0.0147161953151323,3,2,1,0.866666666666667,1136,75,1028,0,0,0,n,"wicket/src/java/wicket/protocol/http/portlet"
1779,2428,42,5,1,1,1,0.00118875223882603,2,0,2,0.8,441,88,146,1,0,2,y,"wicket/src/main/java/org/apache/wicket/util/io"
49,0,0,1,0,0,0,0.000409839101113445,1,0,1,1,446,446,446,446,0,1,n,"wicket-datetime/src/main/java/org/apache/wicket/datetime/markup/html/basic"
94,0,0,1,0,0,0,0.00080219085486242,1,0,1,1,1155,1155,1155,1155,0,0,n,"wicket/src/java/wicket/util/diff/myers"
49,183,46,7,0,0,0,0.00143196456363019,3,1,2,0.571428571428571,819,117,657,0,0,5,n,"jdk-1.5/wicket-examples/src/main/java/org/apache/wicket/examples/velocity"
57,0,0,1,0,0,0,0.000612116302311495,1,0,1,1,873,873,873,873,0,0,n,"jdk-1.4/wicket/src/main/java/wicket/request/target/coding"
15,26346,7051,966,0,0,0,0.0760301048599757,11,9,2,0.321946169772257,1688,1,1033,0,0,0,n,"wicket/src/java/wicket/markup/html"
96,2217,359,96,0,0,0,0.164702237611976,6,5,1,0.5625,1688,17,1044,0,0,0,n,"wicket/src/java/wicket/markup/html/image"
120,232,66,7,4,2,3,0.00109285515223741,5,3,2,0.285714285714286,441,63,203,4,4,1,y,"wicket-extensions/src/main/java/org/apache/wicket/extensions/markup/html/tabs"
14,3,0,2,0,0,0,0.0032942613876932,2,0,2,0.5,1027,513,1024,3,0,0,n,"wicket-extensions/src/main/java/wicket/extensions/ajax/markup/html/tabs"
84,764,3510,9,0,0,0,0.0181048275532643,1,0,1,1,1533,170,1117,1,0,0,n,"wicket-examples/src/java/wicket/examples/wizard"
142,72,33,4,1,1,0,0.00454460870258581,3,0,3,0.5,1027,256,881,18,0,0,n,"wicket-extensions/src/main/java/wicket/extensions/markup/html/form/palette/component"
1,2601,6,22,1,1,0,0.00101817660228914,7,6,1,0.5,1024,46,881,0,0,14,n,"wicket/src/main/java/wicket/request/target"
183,793,15,13,0,0,0,0.0140845066652843,6,5,1,0.384615384615385,996,76,897,0,0,15,n,"wicket/src/main/java/wicket/request/target/component"
171,2238,11,15,1,1,0,0.00381579377634475,5,2,3,0.4,463,30,98,0,0,15,n,"wicket-examples/src/main/java/org/apache/wicket/examples/compref"
61,23,8,2,0,0,0,0.00231876313586195,2,0,2,0.5,845,422,657,188,0,1,n,"jdk-1.4/wicket-extensions/src/main/java/org/apache/wicket/extensions/markup/html/image/resource"
334,562,22,6,3,2,0,0.000864105807098798,2,1,1,0.833333333333333,474,79,310,1,3,0,n,"wicket/src/main/java/org/apache/wicket/markup/html/border"
47,0,0,1,0,0,0,0.000351113166660378,1,0,1,1,853,853,853,853,0,0,n,"jdk-1.4/wicket/src/main/java/wicket/request/target/component/listener"
418,3,3,2,0,0,0,0.00104824698769396,2,0,2,0.5,869,434,859,10,0,0,n,"jdk-1.4/wicket/src/main/java/wicket/util/io"
729,2931,510,80,0,0,0,0.108964544194782,8,5,3,0.375,1347,16,1043,0,0,0,n,"wicket/src/java/wicket/protocol/http/request"
46,225,828,40,0,0,0,0.0659178565102633,7,5,2,0.5,1521,38,1027,0,0,0,n,"wicket-extensions/src/java/wicket/extensions/markup/html/datepicker"
56,26,2,2,0,0,0,0.000409310650448313,1,0,1,1,114,57,76,37,0,0,n,"wicket/src/main/java/org/apache/wicket/util/watch"
4,0,0,1,0,0,0,0.00371242144834228,1,0,1,1,1027,1027,1027,1027,0,0,n,"wicket-extensions/src/main/java/wicket/extensions/ajax/markup/html/repeater/data/sort"
38,3,6,3,1,1,0,0.00196260259386626,3,0,3,0.333333333333333,846,282,705,68,0,0,n,"jdk-1.5/wicket-auth-roles/src/main/java/org/apache/wicket/authentication/panel"
258,503,17,3,2,1,0,0.000757716258617705,3,0,3,0.333333333333333,449,149,388,2,0,0,n,"wicket/src/main/java/org/apache/wicket/markup/html/image/resource"
6159,147598,109,580,89,73,55,0.0186723792773444,13,11,2,0.463793103448276,479,0,13,0,27,125,y,"wicket/src/main/java/org/apache/wicket"
2548,16380,2979,472,0,0,0,0.588192431492003,11,8,3,0.273305084745763,1688,3,1028,0,0,0,n,"wicket/src/java/wicket/protocol/http"
389,1452,0,3,0,0,0,0.000612116302311495,3,0,3,0.333333333333333,874,291,865,1,0,0,n,"jdk-1.4/wicket/src/main/java/wicket/protocol/http/request"
6,13,12,3,0,0,0,0.00142781555783945,2,0,2,0.666666666666667,775,258,480,0,0,0,n,"jdk-1.5/wicket-examples/src/main/java/org/apache/wicket/examples/guice"
81,175,21,7,0,0,0,0.00184176547901374,2,0,2,0.714285714285714,978,139,886,0,0,0,n,"wicket/src/main/java/wicket/ajax/form"
47,170,30,4,0,0,0,0.00521114990478428,3,0,3,0.5,996,249,883,16,0,2,n,"wicket-examples/src/main/java/wicket/examples/signin2"
6,0,0,1,0,0,0,0.0032942613876932,1,0,1,1,1027,1027,1027,1027,0,0,n,"wicket-extensions/src/main/java/wicket/extensions/markup/html/form/validation"
23,20438,0,44,0,0,0,0.00484124717466997,6,4,2,0.431818181818182,1026,23,876,0,0,10,n,"wicket-examples/src/main/java/wicket/examples"
122,1390,14,10,0,0,0,0.00428213803533153,5,3,2,0.4,984,98,877,0,2,0,n,"wicket/src/main/java/wicket/util/convert"
84,599,0,2,0,0,0,0.00475320510739518,2,0,2,0.5,886,443,883,3,0,0,n,"wicket-examples/src/main/java/wicket/examples/wizard"
355,431,390,11,0,0,0,0.0505098524997512,4,2,2,0.363636363636364,1688,153,1265,0,0,0,n,"wicket/src/java/wicket/protocol/http/documentvalidation"
14,12,4,3,0,0,0,0.00224238690602115,1,0,1,1,996,332,907,1,0,2,n,"wicket/src/main/java/wicket/session"
50,25,16,4,0,0,0,0.00140358535138772,3,0,3,0.5,778,194,638,0,0,3,n,"jdk-1.4/wicket/src/main/java/org/apache/wicket/util/watch"
91,0,0,1,0,0,0,0.00161305662625965,1,0,1,1,845,845,845,845,0,1,n,"jdk-1.4/wicket-extensions/src/main/java/org/apache/wicket/extensions/markup/html/captcha"
607,1571,16,7,0,0,0,0.0126490672157081,3,1,2,0.571428571428571,1401,200,1265,0,0,0,n,"wicket/src/java/wicket/util/upload"
266,523,3,5,0,0,1,0.000794580774783701,3,0,3,0.6,474,94,242,0,0,2,y,"wicket/src/main/java/org/apache/wicket/markup/html/internal"
20,0,0,1,0,0,0,0.000281813333009579,1,0,1,1,477,477,477,477,0,1,n,"wicket-extensions/src/main/java/org/apache/wicket/extensions/markup/html/repeater/util"
25,310,71,7,0,0,0,0.00646740147095988,3,1,2,0.428571428571429,996,142,876,0,0,1,n,"wicket-examples/src/main/java/wicket/examples/debug"
35,154,3,5,0,0,0,0.00324833871784613,3,0,3,0.6,948,189,881,0,0,2,n,"wicket/src/main/java/wicket/markup/html/resources"
102,51,98,7,0,0,0,0.0124344375476276,2,0,2,0.714285714285714,1318,188,1197,0,0,0,n,"wicket-spring/src/main/java/wicket/injection"
363,1702,233,23,0,0,0,0.0278927559220586,5,3,2,0.521739130434783,1308,56,1043,0,0,0,n,"wicket/src/java/wicket/markup/resolver"
1572,6550,316,27,0,0,0,0.00780365479070703,3,1,2,0.62962962962963,907,33,877,0,6,0,n,"wicket/src/main/java/wicket/util/io"
39,32,16,2,0,0,0,0.00604089613536461,2,0,2,0.5,1266,633,1027,239,0,1,n,"wicket-auth-roles/src/main/java/wicket/authentication/panel"
144,418,75,7,0,0,0,0.0100906724411895,3,1,2,0.428571428571429,1246,178,1178,0,0,0,n,"wicket-examples/src/java/wicket/examples/source"
36,145,115,24,0,0,0,0.131630404365709,4,3,1,0.708333333333333,1688,70,1257,0,0,0,n,"wicket-examples/src/java/wicket/examples/guestbook"
33,34,33,5,0,0,0,0.00239862617751911,4,0,4,0.4,777,155,480,0,0,0,n,"jdk-1.5/wicket-examples/src/main/java/org/apache/wicket/examples/authorization"
106,25,19,4,0,0,1,0.000820337573931008,1,0,1,1,454,113,441,0,0,0,y,"wicket-velocity/src/main/java/org/apache/wicket/velocity/markup/html"
3,0,0,1,0,0,0,0.00203693061298884,1,0,1,1,883,883,883,883,0,0,n,"wicket-examples/src/main/java/wicket/examples/helloworld"
795,107,85,11,0,0,0,0.00882566336762741,6,5,1,0.363636363636364,1027,93,881,0,0,0,n,"wicket-extensions/src/main/java/wicket/extensions/markup/html/tree"
72,4,4,2,0,0,0,0.00214141211183935,2,0,2,0.5,967,483,901,65,0,0,n,"wicket/src/main/java/wicket/markup/html/panel"
26,28,16,3,0,0,0,0.00201377700741095,2,0,2,0.666666666666667,845,281,709,9,1,3,n,"jdk-1.4/wicket-extensions/src/main/java/org/apache/wicket/extensions/ajax/markup/html/repeater/data/table"
30,93,68,11,0,0,0,0.0610447905069784,2,0,2,0.727272727272727,1672,152,1611,0,0,0,n,"wicket-examples/src/java/wicket/examples/hellomozilla"
57,61,48,3,1,1,0,0.00118851716773396,3,0,3,0.333333333333333,988,329,895,21,2,0,n,"wicket/src/main/java/wicket/util/diff"
45,0,0,1,0,0,0,0.00155489977228777,1,0,1,1,939,939,939,939,0,0,n,"wicket-examples/src/main/java/wicket/examples/displaytag/export"
3,7,161,12,0,0,0,0.0564397925944075,2,0,2,0.5,1687,140,1608,0,0,0,n,"wicket-examples/src/java/wicket/examples/springframework"
192,567,42,15,3,2,0,0.00484214834607585,7,5,2,0.333333333333333,844,56,480,0,2,3,n,"jdk-1.4/wicket/src/main/java/org/apache/wicket/request/target/component"
23,12,9,2,0,0,0,0.00104488542771403,2,0,2,0.5,440,220,326,114,0,0,n,"wicket-examples/src/main/java/org/apache/wicket/examples/signin"
15,0,0,1,0,0,0,0.000597359965214767,1,0,1,1,984,984,984,984,0,0,n,"wicket/src/main/java/wicket/response"
143,334,177,4,1,1,0,0.000715860067050688,2,0,2,0.5,323,80,123,1,0,0,n,"wicket/src/main/java/org/apache/wicket/markup/html/form/persistence"
9,0,0,1,0,0,0,0.00266611054635682,1,0,1,1,883,883,883,883,0,0,n,"wicket-examples/src/main/java/wicket/examples/encodings"
89,151,0,2,0,0,0,0.00134132704405041,2,0,2,0.5,873,436,864,8,0,1,n,"jdk-1.4/wicket/src/main/java/wicket/request/target/resource"
91,4,4,2,0,0,0,0.0054563704708079,2,0,2,0.5,1027,513,886,141,0,0,n,"wicket-extensions/src/main/java/wicket/extensions/markup/html/captcha"
6,25,835,13,0,0,0,0.0828043705920758,3,1,2,0.615384615384615,1688,129,1592,0,0,0,n,"wicket-examples/src/java/wicket/examples/encodings"
409,1034,653,75,7,6,0,0.0128665860005664,7,5,2,0.6,846,11,513,0,11,2,n,"jdk-1.4/wicket-datetime/src/main/java/org/apache/wicket/extensions/yui/calendar"
60,11,11,3,0,0,0,0.00732079545465703,3,0,3,0.333333333333333,1027,342,886,64,0,0,n,"wicket-extensions/src/main/java/wicket/extensions/markup/html/repeater/data/grid"
54,3,0,2,0,0,0,0.00191668839427927,2,0,2,0.5,845,422,754,91,0,4,n,"jdk-1.4/wicket-extensions/src/main/java/org/apache/wicket/extensions/markup/html/repeater/data/sort"
196,157,0,5,0,0,0,0.00106117653825569,5,0,5,0.2,453,90,189,2,0,0,n,"wicket/src/main/java/org/apache/wicket/util/file"
3,35,44,2,0,0,0,0.00206920605448282,2,0,2,0.5,845,422,767,78,1,1,n,"jdk-1.4/wicket-extensions/src/main/java/org/apache/wicket/extensions/validation/validator"
164,999,21,5,0,0,0,0.00847613389099511,3,0,3,0.6,996,199,883,3,0,2,n,"wicket-examples/src/main/java/wicket/examples/library"
1485,6378,37,27,0,0,0,0.00506773841757435,9,8,1,0.222222222222222,874,32,846,0,0,3,n,"jdk-1.4/wicket/src/main/java/wicket/markup/html/form"
10,572,108,24,0,0,0,0.00807064763904442,4,3,1,0.666666666666667,1607,66,1265,0,0,0,n,"wicket/src/java/wicket/version"
32,9,12,3,0,0,0,0.00181683249006231,3,0,3,0.333333333333333,456,152,326,15,0,2,n,"wicket-examples/src/main/java/org/apache/wicket/examples/linkomatic"
79,1151,39,11,3,2,0,0.00170492417488832,4,3,1,0.727272727272727,457,41,253,2,0,2,n,"wicket/src/main/java/org/apache/wicket/markup/html/image"
40,10,57,4,0,0,1,0.0009259899208412,2,0,2,0.75,477,119,410,8,0,0,y,"wicket-spring/src/main/java/org/apache/wicket/spring/injection/annot"
71,92,26,6,0,0,0,0.0086694615774106,2,0,2,0.5,1315,219,1094,0,0,0,n,"wicket/src/java/wicket/resource/loader"
133,263,43,10,1,1,0,0.00241839777717036,4,1,3,0.3,764,76,595,0,0,0,n,"jdk-1.4/wicket/src/main/java/org/apache/wicket/markup/html/navigation/paging"
44,16,3,3,0,0,0,0.00206204170024181,3,0,3,0.333333333333333,846,282,657,77,0,4,n,"jdk-1.5/wicket-auth-roles/src/main/java/org/apache/wicket/authorization/strategies/role/annotations"
31,104,141,11,0,0,0,0.0649320590804617,4,3,1,0.636363636363636,1688,153,1393,0,0,0,n,"wicket/src/java/wicket/markup/html/basic"
237,956,25,15,1,1,0,0.0026969059333245,8,6,2,0.266666666666667,836,55,481,1,0,1,n,"jdk-1.4/wicket/src/main/java/org/apache/wicket/behavior"
46,113,73,10,0,0,0,0.0152938519636612,2,0,2,0.8,1309,130,1268,0,0,0,n,"wicket/src/java/wicket/session/pagemap"
141,185,113,14,0,0,0,0.0222060936583054,5,3,2,0.428571428571429,1650,117,1172,0,0,0,n,"wicket/src/java/wicket/markup/html/form/persistence"
33,75,59,5,0,0,0,0.00262573855182963,4,0,4,0.4,845,169,480,4,0,0,n,"jdk-1.5/wicket-examples/src/main/java/org/apache/wicket/examples/guestbook"
149,0,0,1,0,0,0,0.000351113166660378,1,0,1,1,853,853,853,853,0,0,n,"jdk-1.4/wicket/src/main/java/wicket/feedback"
16,0,0,1,0,0,0,0.000520378099877713,1,0,1,1,869,869,869,869,0,0,n,"jdk-1.4/wicket/src/main/java/wicket/resource/loader"
201,26,2118,14,0,0,0,0.00494266305505299,4,1,3,0.428571428571429,845,60,629,0,0,18,n,"jdk-1.4/wicket-extensions/src/main/java/org/apache/wicket/extensions/markup/html/tree"
792,2515,72,50,14,5,0,0.00914646911714805,10,8,2,0.38,845,16,533,0,7,1,n,"jdk-1.4/wicket/src/main/java/org/apache/wicket/request/target/coding"
105,369,63,4,0,0,0,0.00122909540127311,2,0,2,0.5,813,203,481,0,0,0,n,"jdk-1.4/wicket/src/main/java/org/apache/wicket/util/resource/locator"
328,2199,0,15,0,0,1,0.00127643937721187,3,2,1,0.866666666666667,478,31,117,0,0,5,y,"wicket/src/main/java/org/apache/wicket/markup/repeater"
62,29,5,2,0,0,0,0.000626211288699337,2,0,2,0.5,440,220,270,170,0,0,n,"wicket-auth-roles/src/main/java/org/apache/wicket/authorization/strategies/role/annotations"
70,517,2,4,0,0,0,0.000571443294408962,3,0,3,0.5,865,216,850,0,0,0,n,"jdk-1.4/wicket/src/main/java/wicket/util/convert"
335,1213,16,12,1,1,1,0.00140979056863109,3,1,2,0.5,477,39,114,0,0,1,y,"wicket/src/main/java/org/apache/wicket/markup/parser/filter"
456,269,138,13,0,0,0,0.0111363547677755,2,0,2,0.769230769230769,1024,78,876,0,0,0,n,"wicket-jmx/src/main/java/wicket/jmx"
339,460,6,3,0,0,0,0,1,0,1,1,860,286,860,0,0,0,n,"jdk-1.4/wicket/src/main/java/wicket/util/collections"
9,0,0,1,0,0,1,0.000446621569411041,1,0,1,1,455,455,455,455,0,1,y,"wicket-extensions/src/main/java/org/apache/wicket/extensions/ajax/markup/html/form/upload"
15,1,1,2,0,0,0,0.0085613133888658,1,0,1,1,1318,659,1271,46,0,0,n,"wicket-spring-examples/src/main/java/wicket/spring/proxy/web"
1075,3864,6,25,1,1,0,0.0141238975115168,4,2,2,0.68,1024,40,879,0,8,1,n,"wicket/src/main/java/wicket/util/lang"
282,130,40,13,1,1,0,0.00410145837958191,3,1,2,0.692307692307692,845,65,491,0,2,1,n,"jdk-1.4/wicket-extensions/src/main/java/org/apache/wicket/extensions/ajax/markup/html/modal"
24,0,0,1,0,0,0,0.00674607280459578,1,0,1,1,1186,1186,1186,1186,0,0,n,"wicket-examples/src/java/wicket/examples/breadcrumb"
51,408,43,2,0,0,0,0.000700291997456576,2,0,2,0.5,455,227,446,9,1,7,n,"wicket/src/main/java/org/apache/wicket/markup/html/resources"
17,41,7,4,0,0,0,0.0113915631425059,3,0,3,0.5,1308,327,1216,6,0,0,n,"wicket/src/java/wicket/application"
40,43,0,4,0,0,0,0.00279077647352039,1,0,1,1,987,246,886,1,0,0,n,"wicket-examples/src/main/java/wicket/examples/images"
26,327,13,3,0,0,0,0.0028275495407625,3,0,3,0.333333333333333,990,330,883,16,0,0,n,"wicket-examples/src/main/java/wicket/examples/niceurl"
201,886,0,4,0,0,0,0.000617653049158259,3,0,3,0.5,453,113,320,1,0,2,n,"wicket-extensions/src/main/java/org/apache/wicket/extensions/markup/html/tree"
137,392,0,3,0,0,0,0.000862793264482448,1,0,1,1,859,286,855,1,0,0,n,"jdk-1.4/wicket/src/main/java/wicket/markup/parser/filter"
471,1599,89,46,0,0,0,0.0510468260676,7,4,3,0.326086956521739,1307,28,1119,0,0,4,n,"wicket/src/java/wicket/settings"
54,16,16,3,0,0,0,0.00853393822808439,3,0,3,0.333333333333333,1027,342,886,6,0,0,n,"wicket-extensions/src/main/java/wicket/extensions/markup/html/repeater/data/sort"
146,3386,3,12,1,1,2,0.00109675277896595,3,1,2,0.666666666666667,449,37,107,0,2,8,y,"wicket/src/main/java/org/apache/wicket/validation"
10,0,0,1,0,0,0,0.000171758136062672,1,0,1,1,713,713,713,713,0,0,n,"jdk-1.4/wicket/src/main/java/org/apache/wicket/markup/repeater/util"
234,785,2,5,0,0,0,0.0013442617612888,3,0,3,0.4,836,167,479,0,0,2,n,"jdk-1.4/wicket/src/main/java/org/apache/wicket/util/collections"
173,652,3,11,0,0,0,0.0175540542857607,5,3,2,0.454545454545455,1341,121,1082,0,0,0,n,"wicket/src/java/wicket/protocol/http/servlet"
25,0,0,1,0,0,0,0.000476434952017354,1,0,1,1,856,856,856,856,0,0,n,"jdk-1.4/wicket/src/main/java/wicket/markup/repeater/data"
7,44,3,3,0,0,0,0.00150185686855509,3,0,3,0.333333333333333,463,154,341,6,0,2,n,"wicket-examples/src/main/java/org/apache/wicket/examples/breadcrumb"
116,45,20,3,0,0,0,0,2,0,2,0.666666666666667,107,35,67,0,0,0,n,"wicket/src/main/java/org/apache/wicket/protocol/https"
121,140,105,3,0,0,2,0.000185613016258419,2,0,2,0.666666666666667,444,148,277,25,0,1,y,"wicket-extensions/src/main/java/org/apache/wicket/extensions/markup/html/captcha"
383,0,0,1,0,0,0,1.69892708836255e-05,1,0,1,1,847,847,847,847,0,0,n,"jdk-1.4/wicket/src/main/java/wicket/settings"
71,4,31,3,0,0,0,0.00792978528777042,3,0,3,0.333333333333333,1267,422,1246,4,0,0,n,"wicket/src/java/wicket/request/target/component/listener"
39,18,18,3,0,0,0,0.00250044123379917,2,0,2,0.666666666666667,845,281,604,53,0,0,n,"jdk-1.5/wicket-examples/src/main/java/org/apache/wicket/spring/common/web"
30,0,0,1,0,0,1,0.000409839101113445,1,0,1,1,446,446,446,446,0,1,y,"wicket-datetime/src/main/java/org/apache/wicket/datetime/markup/html/form"
49,69,50,11,3,3,0,0.00387822013661297,6,4,2,0.272727272727273,846,76,497,0,0,4,n,"jdk-1.5/wicket-auth-roles/src/main/java/org/apache/wicket/authentication"
130,439,67,7,0,0,1,0.000951761624853104,4,3,1,0.571428571428571,477,68,150,6,0,0,y,"wicket-spring/src/main/java/org/apache/wicket/spring"
40,9,12,3,0,0,0,0.00305965031666934,1,0,1,1,845,281,480,115,0,0,n,"jdk-1.5/wicket-examples/src/main/java/org/apache/wicket/examples/images"
199,403,37,4,0,0,0,0.00151279703538913,3,0,3,0.5,874,218,864,1,1,2,n,"jdk-1.4/wicket/src/main/java/wicket/markup/html/form/upload"
395,644,232,18,0,0,0,0.00514458879518455,3,1,2,0.722222222222222,845,46,565,0,2,17,n,"jdk-1.4/wicket-extensions/src/main/java/org/apache/wicket/extensions/wizard"
460,0,0,1,0,0,0,0.00244200621151589,1,0,1,1,1153,1153,1153,1153,0,0,n,"wicket/src/java/wicket/util/diff"
557,2597,24,16,0,0,0,0.0036068436036731,8,7,1,0.25,844,52,513,0,1,1,n,"jdk-1.4/wicket/src/main/java/org/apache/wicket/validation/validator"
253,0,0,1,0,0,0,0.000629081426424287,1,0,1,1,595,595,595,595,0,0,n,"jdk-1.4/wicket/src/main/java/org/apache/wicket/protocol/http/documentvalidation"
236,55,36,5,0,0,0,0.00322707178092053,3,0,3,0.6,845,169,480,59,0,0,n,"jdk-1.5/wicket-examples/src/main/java/org/apache/wicket/examples/repeater"
47,18,18,5,0,0,0,0.00402890534807844,3,0,3,0.6,845,169,480,0,0,0,n,"jdk-1.5/wicket-examples/src/main/java/org/apache/wicket/examples/signin2"
3877,23033,338,236,34,23,0,0.0277715112731026,14,13,1,0.254237288135593,845,3,480,0,29,27,n,"jdk-1.4/wicket/src/main/java/org/apache/wicket/protocol/http"
195,620,12,5,0,0,1,0.000771047596800533,2,0,2,0.8,409,81,213,0,0,1,y,"wicket/src/main/java/org/apache/wicket/resource/loader"
397,1626,25,37,0,0,0,0.0331156533862132,9,7,2,0.243243243243243,1296,35,1047,0,0,0,n,"wicket/src/java/wicket/behavior"
19,28,6,3,0,0,0,0.00114266301024493,1,0,1,1,473,157,456,0,0,3,n,"wicket-examples/src/main/java/org/apache/wicket/examples/dates"
81,235,0,3,0,0,0,0.000724647286810739,3,0,3,0.333333333333333,820,273,480,30,1,0,n,"jdk-1.4/wicket/src/main/java/org/apache/wicket/util/crypt"
21,166,37,10,0,0,0,0.00839239233150888,3,1,2,0.7,1136,113,1073,0,0,0,n,"wicket-portlet-examples/src/main/java/wicket/examples/portlet"
265,22,21,3,0,0,1,0.000967837643622841,1,0,1,1,478,159,255,37,0,4,y,"wicket/src/main/java/org/apache/wicket/application"
245,433,59,5,0,0,0,0.000536691024570179,3,0,3,0.6,458,91,440,0,0,0,n,"wicket-auth-roles/src/main/java/org/apache/wicket/authorization/strategies/role/metadata"
1273,2382,966,29,6,2,0,0.00422387819306085,3,2,1,0.896551724137931,755,26,489,0,10,0,n,"jdk-1.4/wicket/src/main/java/org/apache/wicket/protocol/http/pagestore"
55,155,0,2,0,0,0,0.000496904817343217,2,0,2,0.5,359,179,302,56,0,0,n,"wicket/src/main/java/org/apache/wicket/util/crypt"
11,32,3,5,0,0,0,0.0033302793529528,2,0,2,0.6,845,169,480,9,0,0,n,"jdk-1.5/wicket-examples/src/main/java/org/apache/wicket/examples/helloworld"
473,1579,6,13,4,2,0,0.010810227339822,5,3,2,0.538461538461538,1007,77,883,0,0,0,n,"wicket/src/main/java/wicket/markup/html/link"
420,1529,655,59,0,0,0,0.120756821434308,7,6,1,0.745762711864407,1654,28,1043,0,0,0,n,"wicket/src/java/wicket/markup/parser/filter"
10,0,0,1,0,0,0,0.000426055654853806,1,0,1,1,851,851,851,851,0,0,n,"jdk-1.4/wicket/src/main/java/wicket/util/string/interpolator"
211,2205,12,16,3,3,3,0.00266942915732178,5,4,1,0.6875,477,29,67,0,3,11,y,"wicket-extensions/src/main/java/org/apache/wicket/extensions/markup/html/repeater/data/table"
756,1615,3,4,1,1,0,0.000664024974268753,3,0,3,0.5,467,116,266,25,0,0,n,"wicket/src/main/java/org/apache/wicket/util/upload"
210,847,0,5,0,0,0,0.00216552389299493,3,0,3,0.4,950,190,882,0,0,0,n,"wicket/src/main/java/wicket/markup/parser"
178,0,6,2,0,0,0,0.00379217397380046,2,0,2,0.5,1027,513,920,107,0,0,n,"wicket-extensions/src/main/java/wicket/extensions/util/resource"
84,7,7,2,0,0,0,0.00193559621750966,2,0,2,0.5,845,422,770,74,0,0,n,"jdk-1.5/wicket-examples/src/main/java/org/apache/wicket/examples/wizard"
189,567,0,2,0,0,0,0.000874279251946767,2,0,2,0.5,859,429,846,13,0,0,n,"jdk-1.4/wicket/src/main/java/wicket/util/license"
21,1655,0,21,6,4,3,0.000217699721997105,4,3,1,0.666666666666667,475,22,81,0,0,4,y,"wicket-extensions/src/main/java/org/apache/wicket/extensions/markup/html/form"
61,84,32,4,0,0,0,0.0278156662572649,3,0,3,0.5,1688,422,1172,14,0,0,n,"wicket/src/java/wicket/util/thread"
9,3,3,2,0,0,0,0.00131600980345635,2,0,2,0.5,775,387,657,117,0,1,n,"jdk-1.4/wicket-ioc/src/main/java/org/apache/wicket/injection/web"
11,441,248,25,3,3,0,0.00220935570839877,7,5,2,0.4,845,33,514,0,0,12,n,"jdk-1.4/wicket-extensions/src/main/java/org/apache/wicket/extensions/markup/html/form"
118,445,0,5,0,0,0,0.00699739352972318,3,0,3,0.4,1003,200,881,0,0,0,n,"wicket/src/main/java/wicket/markup/html/form/validation"
149,455,339,9,1,1,0,0.00397712979996333,4,2,2,0.444444444444444,845,93,565,10,6,11,n,"jdk-1.4/wicket-extensions/src/main/java/org/apache/wicket/extensions/breadcrumb"
3,0,0,1,0,0,0,0,1,0,1,1,856,856,856,856,0,0,n,"jdk-1.4/wicket/src/main/java/wicket/util/diff/myers"
50,306,9,10,1,1,0,0.00133035828012476,5,2,3,0.3,830,83,513,0,0,0,n,"jdk-1.4/wicket/src/main/java/org/apache/wicket/ajax/markup/html/form"
300,184,121,9,0,0,0,0.00441393428238987,5,4,1,0.555555555555556,845,93,480,0,0,1,n,"jdk-1.5/wicket-examples/src/main/java/org/apache/wicket/examples/compref"
141,311,309,5,0,0,0,0.0128383584306775,3,0,3,0.6,1227,245,1196,0,0,0,n,"wicket/src/java/wicket/protocol/http/request/urlcompressing"
28,0,0,1,0,0,0,0.00161305662625965,1,0,1,1,845,845,845,845,0,1,n,"jdk-1.4/wicket-extensions/src/main/java/org/apache/wicket/extensions/model"
111,1150,12,7,0,0,1,0.000362853891045507,2,0,2,0.571428571428571,409,58,175,0,0,1,y,"wicket/src/main/java/org/apache/wicket/resource"
452,1663,0,14,0,0,0,0.0123741562512018,4,2,2,0.571428571428571,1024,73,876,0,1,6,n,"wicket/src/main/java/wicket/settings"
53,0,0,1,0,0,0,0.000517340790096926,1,0,1,1,851,851,851,851,0,0,n,"jdk-1.4/wicket/src/main/java/wicket/util/crypt"
241,0,0,1,0,0,0,0.00080282597760141,1,0,1,1,864,864,864,864,0,2,n,"jdk-1.4/wicket/src/main/java/wicket/markup/html/list"
33,416,0,2,0,0,0,0.00309433905741227,2,0,2,0.5,886,443,883,3,0,0,n,"wicket-examples/src/main/java/wicket/examples/linkomatic"
158,382,12,8,0,0,0,0.00874638953045502,5,4,1,0.5,984,123,885,3,0,3,n,"wicket/src/main/java/wicket/request/target/resource"
554,2428,139,27,4,3,0,0.00709852811740496,7,6,1,0.444444444444444,844,31,480,0,24,5,n,"jdk-1.4/wicket/src/main/java/org/apache/wicket/markup/resolver"
358,125,21,8,0,0,0,0.0067762474717306,5,3,2,0.375,993,124,886,0,0,0,n,"wicket/src/main/java/wicket/util/license"
63,156,132,4,0,0,0,0.000826431547743401,3,0,3,0.5,382,95,139,61,2,8,n,"wicket/src/main/java/org/apache/wicket/model/util"
94,773,8,6,0,0,0,0.00292117579235485,4,2,2,0.333333333333333,456,76,130,1,0,9,n,"wicket-examples/src/main/java/org/apache/wicket/examples/ajax/builtin"
11,6,3,2,0,0,0,0.00133562278745993,2,0,2,0.5,456,228,341,114,0,2,n,"wicket-examples/src/main/java/org/apache/wicket/examples/ajax/prototype"
